aa,expected_freq,count,observed_freq,p-value
R,0.09022957821676456,113,0.05451037144235408,1.55640736680054e-09
S,0.06437342689344824,192,0.09261939218523878,7.823485342679315e-07
K,0.07688200747463962,122,0.05885190545103714,0.0017062088037785262
L,0.16909465334451987,302,0.1456825856246985,0.004077497944843651
D,0.02219510334833346,65,0.03135552339604438,0.00707215238217293
V,0.06955991152467393,172,0.08297153883260974,0.019624774971354543
N,0.024101899168637024,64,0.03087313072841293,0.052582254071799554
G,0.048508885668522614,119,0.05740472744814279,0.06543443661012219
A,0.07207688200747464,169,0.08152436082971538,0.0976405390121543
T,0.040271527724811226,97,0.046792088760250844,0.1313460249001237
W,0.004423766303104264,14,0.006753497346840328,0.13143184256583823
C,0.0040424071390435514,12,0.005788712011577424,0.22027288330809908
Q,0.03310197544046983,77,0.0371442354076218,0.2964571253934628
F,0.03111890778735413,56,0.027013989387361312,0.311263047580147
E,0.0414918770498055,95,0.04582730342498794,0.3212283457381127
P,0.08992449088551598,175,0.0844187168355041,0.3984258854350067
Y,0.022576462512394174,41,0.019778099372889532,0.45897839611454805
H,0.01883914270459919,34,0.016401350699469366,0.46696985095035415
I,0.06704294104187324,131,0.06319343945972021,0.5101610986893832
M,0.01014415376401495,23,0.011095031355523395,0.659900403665036
