aa,expected_freq,count,observed_freq,p-value
K,0.07688200747463962,102,0.049204052098408106,6.985332761077256e-07
R,0.09022957821676456,128,0.06174626145682586,2.3047051133818627e-06
G,0.048508885668522614,138,0.06657018813314038,0.00027344377128878306
L,0.16909465334451987,294,0.14182344428364688,0.0008304045292231304
C,0.0040424071390435514,18,0.008683068017366137,0.002764210398124291
D,0.02219510334833346,61,0.02942595272551857,0.030249982986782612
T,0.040271527724811226,102,0.049204052098408106,0.044018752029633054
E,0.0414918770498055,104,0.05016883743367101,0.05360068787304516
W,0.004423766303104264,15,0.00723589001447178,0.06550052706718114
S,0.06437342689344824,154,0.0742884708152436,0.06659056397131795
Y,0.022576462512394174,36,0.017366136034732273,0.12001040643899996
A,0.07207688200747464,166,0.08007718282682104,0.16097191105974035
P,0.08992449088551598,204,0.09840810419681621,0.17896605770267696
F,0.03111890778735413,75,0.0361794500723589,0.18380360158228953
N,0.024101899168637024,59,0.028461167390255667,0.19682441326550412
M,0.01014415376401495,25,0.0120598166907863,0.37885834407411156
H,0.01883914270459919,44,0.021225277375783887,0.4183941995493744
I,0.06704294104187324,137,0.06608779546550893,0.8952333805790336
V,0.06955991152467393,142,0.06849975880366618,0.8969395741440185
Q,0.03310197544046983,69,0.03328509406657019,0.9510106241664051
