,aa,count_x,observed_x,expected_x,pos,ratio_x,count_y,observed_y,expected_y,ratio_y,ratio
0,P,319,0.180634201585504,0.06310362487786969,1,2.8625011944258696,44,0.006146968426934898,0.06310362487786969,0.09741070245697767,29.385900339750854
3,V,139,0.07870894677236694,0.05969329362753354,1,1.3185559380168366,329,0.04596255937412685,0.05969329362753354,0.7699786120182621,1.7124578753696127
4,I,81,0.04586636466591167,0.04340601435297719,1,1.0566822443757895,329,0.04596255937412685,0.04340601435297719,1.0588984051924202,0.9979071072297744
2,K,215,0.1217440543601359,0.0572700728882684,1,2.125788360661835,1004,0.1402626431964236,0.0572700728882684,2.449143787018926,0.8679720528982596
1,R,265,0.15005662514156284,0.05641358208247376,1,2.659937901517896,1455,0.2032690695725063,0.05641358208247376,3.6031938066853715,0.7382167166758122
