,aa,count_x,observed_x,expected_x,pos,ratio_x,count_y,observed_y,expected_y,ratio_y,ratio
4,I,81,0.04586636466591167,0.04340601435297719,1,1.0566822443757895,329,0.04596255937412685,0.04340601435297719,1.0588984051924202,0.9979071072297744
2,K,215,0.1217440543601359,0.0572700728882684,1,2.125788360661835,1004,0.1402626431964236,0.0572700728882684,2.449143787018926,0.8679720528982596
6,G,103,0.058323895809739526,0.06570259491632346,1,0.8876954690148663,549,0.07669740150880135,0.06570259491632346,1.1673420449600276,0.7604416142187896
1,R,265,0.15005662514156284,0.05641358208247376,1,2.659937901517896,1455,0.2032690695725063,0.05641358208247376,3.6031938066853715,0.7382167166758122
5,H,45,0.02548131370328426,0.026268603041240055,1,0.9700292650994877,253,0.035345068454875665,0.026268603041240055,1.3455252416501224,0.7209298161585325
7,A,106,0.06002265005662514,0.0701782848581734,1,0.8552880734820998,694,0.09695445655210952,0.0701782848581734,1.3815449714687291,0.6190808776733757
18,S,69,0.039071347678369193,0.08320713679928025,1,0.46956726527702325,682,0.09527801061749093,0.08320713679928025,1.1450701740564528,0.41007728252458453
11,Y,23,0.0130237825594564,0.02664809788476445,1,0.4887321645160462,241,0.03366862252025705,0.02664809788476445,1.2634531239659867,0.38682255419331507
