,mean_fit_time,mean_score_time,mean_test_score,mean_train_score,param_max_features,param_n_estimators,param_n_jobs,params,rank_test_score,split0_test_score,split0_train_score,split1_test_score,split1_train_score,split2_test_score,split2_train_score,std_fit_time,std_score_time,std_test_score,std_train_score
0,2.936833620071411,0.30830907821655273,0.8571428571428571,1.0,5,1000,-1,"{'max_features': 5, 'n_jobs': -1, 'n_estimators': 1000}",7,0.7894736842105263,1.0,0.8947368421052632,1.0,0.8888888888888888,1.0,0.30669755310653496,0.0033522306820685304,0.0485498010722068,0.0
1,2.7107746601104736,0.344653844833374,0.9642857142857143,1.0,10,1000,-1,"{'max_features': 10, 'n_jobs': -1, 'n_estimators': 1000}",1,1.0,1.0,0.9473684210526315,1.0,0.9444444444444444,1.0,0.10616385820131348,0.044561311324231835,0.025620361278522415,0.0
2,2.8303864002227783,0.35732285181681317,0.9642857142857143,1.0,20,1000,-1,"{'max_features': 20, 'n_jobs': -1, 'n_estimators': 1000}",1,1.0,1.0,0.9473684210526315,1.0,0.9444444444444444,1.0,0.1191722202622123,0.05321733771879384,0.025620361278522415,0.0
3,3.014613072077433,0.3166229724884033,0.9464285714285714,1.0,50,1000,-1,"{'max_features': 50, 'n_jobs': -1, 'n_estimators': 1000}",6,1.0,1.0,0.9473684210526315,1.0,0.8888888888888888,1.0,0.22999109564432446,0.012745489599391957,0.04514649081745387,0.0
4,4.014475186665853,0.41709502538045246,0.9642857142857143,1.0,100,1000,-1,"{'max_features': 100, 'n_jobs': -1, 'n_estimators': 1000}",1,1.0,1.0,1.0,1.0,0.8888888888888888,1.0,0.5024871313915052,0.007778862499703976,0.051891654089769944,0.0
5,4.402399222056071,0.4351181983947754,0.9642857142857143,1.0,200,1000,-1,"{'max_features': 200, 'n_jobs': -1, 'n_estimators': 1000}",1,1.0,1.0,1.0,1.0,0.8888888888888888,1.0,0.9980263450160686,0.006678501256613357,0.051891654089769944,0.0
6,4.158255577087402,0.45849188168843585,0.9642857142857143,1.0,,1000,-1,"{'max_features': None, 'n_jobs': -1, 'n_estimators': 1000}",1,1.0,1.0,1.0,1.0,0.8888888888888888,1.0,0.8102208014167157,0.055197080187056484,0.051891654089769944,0.0
