,mean_fit_time,mean_score_time,mean_test_score,mean_train_score,param_C,param_kernel,param_probability,params,rank_test_score,split0_test_score,split0_train_score,split1_test_score,split1_train_score,split2_test_score,split2_train_score,std_fit_time,std_score_time,std_test_score,std_train_score
0,0.017963409423828125,0.006337165832519531,0.90625,0.9973958333333334,0.1,linear,False,"{'C': 0.1, 'kernel': 'linear', 'probability': False}",2,0.9375,1.0,0.890625,1.0,0.890625,0.9921875,0.00040718487188395414,0.0003244378439121105,0.02209708691207961,0.003682847818679935
1,0.012306849161783854,0.005282799402872722,0.515625,0.515625,0.1,poly,False,"{'C': 0.1, 'kernel': 'poly', 'probability': False}",5,0.515625,0.515625,0.515625,0.515625,0.515625,0.515625,0.00012189297369479159,2.4356324663262524e-05,0.0,0.0
2,0.012839794158935547,0.00558781623840332,0.515625,0.515625,0.1,rbf,False,"{'C': 0.1, 'kernel': 'rbf', 'probability': False}",5,0.515625,0.515625,0.515625,0.515625,0.515625,0.515625,3.396439815985612e-05,4.221153642798244e-05,0.0,0.0
3,0.01600035031636556,0.006131649017333984,0.90625,1.0,1,linear,False,"{'C': 1, 'kernel': 'linear', 'probability': False}",2,0.921875,1.0,0.890625,1.0,0.90625,1.0,0.002628728545990408,0.00039675062794989696,0.01275775907699572,0.0
4,0.013630946477254232,0.005289236704508464,0.515625,0.515625,1,poly,False,"{'C': 1, 'kernel': 'poly', 'probability': False}",5,0.515625,0.515625,0.515625,0.515625,0.515625,0.515625,0.0020659184939324157,5.155075517610006e-05,0.0,0.0
5,0.012849569320678711,0.005601247151692708,0.515625,0.515625,1,rbf,False,"{'C': 1, 'kernel': 'rbf', 'probability': False}",5,0.515625,0.515625,0.515625,0.515625,0.515625,0.515625,0.00012288822277796077,4.7719597561534687e-05,0.0,0.0
6,0.012705167134602865,0.004618326822916667,0.90625,1.0,10,linear,False,"{'C': 10, 'kernel': 'linear', 'probability': False}",2,0.921875,1.0,0.890625,1.0,0.90625,1.0,0.000461904943441021,0.00012111043246666846,0.01275775907699572,0.0
7,0.012453794479370117,0.005423148473103841,0.515625,0.515625,10,poly,False,"{'C': 10, 'kernel': 'poly', 'probability': False}",5,0.515625,0.515625,0.515625,0.515625,0.515625,0.515625,1.5866333991449687e-05,2.179006107859499e-05,0.0,0.0
8,0.012636184692382812,0.005119721094767253,0.9166666666666666,0.9921875,10,rbf,False,"{'C': 10, 'kernel': 'rbf', 'probability': False}",1,0.90625,0.9921875,0.921875,0.9921875,0.921875,0.9921875,6.122516075086857e-05,6.185735714896584e-05,0.00736569563735987,0.0
