,mean_fit_time,mean_score_time,mean_test_score,mean_train_score,param_max_features,param_n_estimators,param_n_jobs,params,rank_test_score,split0_test_score,split0_train_score,split1_test_score,split1_train_score,split2_test_score,split2_train_score,std_fit_time,std_score_time,std_test_score,std_train_score
0,1.68319837252299,0.40901803970336914,0.859375,1.0,5,1000,-1,"{'n_jobs': -1, 'max_features': 5, 'n_estimators': 1000}",4,0.890625,1.0,0.828125,1.0,0.859375,1.0,0.037658113465759264,0.0005694911449758923,0.02551551815399144,0.0
1,1.5812117258707683,0.33983437220255536,0.890625,1.0,10,1000,-1,"{'n_jobs': -1, 'max_features': 10, 'n_estimators': 1000}",2,0.921875,1.0,0.875,1.0,0.875,1.0,0.04550576776670041,0.0476726934903363,0.02209708691207961,0.0
2,1.596803903579712,0.3411142826080322,0.9010416666666666,1.0,20,1000,-1,"{'n_jobs': -1, 'max_features': 20, 'n_estimators': 1000}",1,0.921875,1.0,0.875,1.0,0.90625,1.0,0.02983676431274681,0.046829184888482596,0.01948779888944761,0.0
3,1.5941340923309326,0.3416510423024495,0.8802083333333334,1.0,50,1000,-1,"{'n_jobs': -1, 'max_features': 50, 'n_estimators': 1000}",3,0.90625,1.0,0.859375,1.0,0.875,1.0,0.08692593922290948,0.04834822746783462,0.01948779888944761,0.0
4,1.5200241406758626,0.30784106254577637,0.859375,1.0,100,1000,-1,"{'n_jobs': -1, 'max_features': 100, 'n_estimators': 1000}",4,0.90625,1.0,0.8125,1.0,0.859375,1.0,0.03271265113081607,0.0007999293546594705,0.038273277230987154,0.0
5,1.5845558643341064,0.3078908920288086,0.859375,1.0,200,1000,-1,"{'n_jobs': -1, 'max_features': 200, 'n_estimators': 1000}",4,0.90625,1.0,0.8125,1.0,0.859375,1.0,0.05242360692402574,0.08403671562452102,0.038273277230987154,0.0
6,1.8333090941111247,0.34059492746988934,0.8385416666666666,1.0,,1000,-1,"{'n_jobs': -1, 'max_features': None, 'n_estimators': 1000}",7,0.875,1.0,0.828125,1.0,0.8125,1.0,0.11809609511631712,0.049512548115569724,0.02655739329996242,0.0
