,mean_fit_time,mean_score_time,mean_test_score,mean_train_score,param_max_features,param_n_estimators,param_n_jobs,params,rank_test_score,split0_test_score,split0_train_score,split1_test_score,split1_train_score,split2_test_score,split2_train_score,std_fit_time,std_score_time,std_test_score,std_train_score
0,3.222184896469116,0.5865723292032877,0.7779644743158906,1.0,5,1000,-1,"{'max_features': 5, 'n_jobs': -1, 'n_estimators': 1000}",1,0.7739380849532037,1.0,0.7804175665946724,1.0,0.7795389048991355,1.0,0.1540602723591611,0.06053220204320861,0.0028701016583219277,0.0
1,3.938849846522013,0.4829060236612956,0.7767642822851656,1.0,10,1000,-1,"{'max_features': 10, 'n_jobs': -1, 'n_estimators': 1000}",2,0.7717782577393808,1.0,0.7760979121670266,1.0,0.7824207492795389,1.0,0.13208501619682014,0.04752886365241721,0.004370004670427237,0.0
2,4.93507194519043,0.45798174540201825,0.7767642822851656,1.0,20,1000,-1,"{'max_features': 20, 'n_jobs': -1, 'n_estimators': 1000}",2,0.7746580273578114,1.0,0.7789776817854571,1.0,0.776657060518732,1.0,0.04701062800884432,0.008908126228500114,0.0017653308491369488,0.0
3,8.451880693435669,0.42743492126464844,0.7758041286605857,1.0,50,1000,-1,"{'max_features': 50, 'n_jobs': -1, 'n_estimators': 1000}",4,0.7746580273578114,1.0,0.7775377969762419,1.0,0.7752161383285303,1.0,0.9735701251127123,0.055322488851240914,0.0012470976225020288,0.0
4,13.9182075659434,0.45200085639953613,0.7695631301008161,1.0,100,1000,-1,"{'max_features': 100, 'n_jobs': -1, 'n_estimators': 1000}",5,0.7681785457163427,1.0,0.775377969762419,1.0,0.7651296829971181,1.0,0.39962197807406985,0.0017618613672066297,0.0042966664496358435,0.0
5,25.130439917246502,0.46478740374247235,0.7626020163226116,1.0,200,1000,-1,"{'max_features': 200, 'n_jobs': -1, 'n_estimators': 1000}",6,0.755939524838013,1.0,0.7681785457163427,1.0,0.7636887608069164,1.0,0.36595764838052053,0.008208866966008704,0.005055855981304001,0.0
6,52.707977612813316,0.4175075689951579,0.7590014402304369,1.0,,1000,-1,"{'max_features': None, 'n_jobs': -1, 'n_estimators': 1000}",7,0.7530597552195825,1.0,0.7595392368610511,1.0,0.7644092219020173,1.0,1.4148845865713016,0.04986935423722615,0.0046487078070526055,0.0
