,mean_fit_time,mean_score_time,mean_test_score,mean_train_score,param_max_features,param_n_estimators,param_n_jobs,params,rank_test_score,split0_test_score,split0_train_score,split1_test_score,split1_train_score,split2_test_score,split2_train_score,std_fit_time,std_score_time,std_test_score,std_train_score
0,2.0047589937845864,0.3431406021118164,0.9413680781758957,1.0,5,1000,-1,"{'n_estimators': 1000, 'n_jobs': -1, 'max_features': 5}",4,0.941747572815534,1.0,0.9411764705882353,1.0,0.9411764705882353,1.0,0.17127783335738023,0.0478818355949374,0.00026965543278630266,0.0
1,2.1484286785125732,0.34334174791971844,0.9413680781758957,1.0,10,1000,-1,"{'n_estimators': 1000, 'n_jobs': -1, 'max_features': 10}",4,0.9320388349514563,1.0,0.9509803921568627,1.0,0.9411764705882353,1.0,0.38801705713091533,0.048690154810139406,0.007740240927535755,0.0
2,2.812788168589274,0.31635649998982746,0.9413680781758957,1.0,20,1000,-1,"{'n_estimators': 1000, 'n_jobs': -1, 'max_features': 20}",4,0.9320388349514563,1.0,0.9411764705882353,1.0,0.9509803921568627,1.0,0.4787142768047593,0.013078304712812018,0.007740240927535754,0.0
3,3.444850444793701,0.39411671956380206,0.9478827361563518,1.0,50,1000,-1,"{'n_estimators': 1000, 'n_jobs': -1, 'max_features': 50}",2,0.941747572815534,1.0,0.9509803921568627,1.0,0.9509803921568627,1.0,0.15458431143173157,0.06318694831034537,0.004359429496711561,0.0
4,3.5985204378763833,0.3602711359659831,0.9478827361563518,1.0,100,1000,-1,"{'n_estimators': 1000, 'n_jobs': -1, 'max_features': 100}",2,0.9514563106796117,1.0,0.9509803921568627,1.0,0.9411764705882353,1.0,0.1265617278886666,0.04040612372059299,0.004734460537305115,0.0
5,3.6901537577311196,0.31853707631429035,0.9511400651465798,1.0,200,1000,-1,"{'n_estimators': 1000, 'n_jobs': -1, 'max_features': 200}",1,0.9611650485436893,1.0,0.9509803921568627,1.0,0.9411764705882353,1.0,0.20270932432332275,0.01152737452732463,0.008167624717052905,0.0
6,4.879297176996867,0.35457976659138996,0.9348534201954397,1.0,,1000,-1,"{'n_estimators': 1000, 'n_jobs': -1, 'max_features': None}",7,0.9514563106796117,1.0,0.9313725490196079,1.0,0.9215686274509803,1.0,0.317266513598354,0.06005792486495472,0.012455783393798261,0.0
