,mean_fit_time,mean_score_time,mean_test_score,mean_train_score,param_max_features,param_n_estimators,param_n_jobs,params,rank_test_score,split0_test_score,split0_train_score,split1_test_score,split1_train_score,split2_test_score,split2_train_score,std_fit_time,std_score_time,std_test_score,std_train_score
0,2.136655410130819,0.3416927655537923,0.9416666666666667,1.0,5,1000,-1,"{'n_estimators': 1000, 'n_jobs': -1, 'max_features': 5}",7,0.926829268292683,1.0,0.925,1.0,0.9743589743589743,1.0,0.24009910775544063,0.04662646735416473,0.022697262579006335,0.0
1,2.7556347846984863,0.3805883725484212,0.9666666666666667,1.0,10,1000,-1,"{'n_estimators': 1000, 'n_jobs': -1, 'max_features': 10}",6,0.975609756097561,1.0,0.925,1.0,1.0,1.0,0.42750036507608336,0.05305276188551456,0.031098889391893286,0.0
2,3.018648624420166,0.34488463401794434,0.975,1.0,20,1000,-1,"{'n_estimators': 1000, 'n_jobs': -1, 'max_features': 20}",4,0.975609756097561,1.0,0.95,1.0,1.0,1.0,0.025344460526810015,0.05124825663725044,0.020287566780017245,0.0
3,2.8022510210673013,0.35251720746358234,0.9833333333333333,1.0,50,1000,-1,"{'n_estimators': 1000, 'n_jobs': -1, 'max_features': 50}",2,1.0,1.0,0.95,1.0,1.0,1.0,0.061792796694865676,0.0417653672423362,0.023570226039551608,0.0
4,3.1868292490641275,0.30908981959025067,0.9916666666666667,1.0,100,1000,-1,"{'n_estimators': 1000, 'n_jobs': -1, 'max_features': 100}",1,1.0,1.0,0.975,1.0,1.0,1.0,0.09672262033411405,0.0022655166628813344,0.011785113019775804,0.0
5,3.250040610631307,0.34751423199971515,0.9833333333333333,1.0,200,1000,-1,"{'n_estimators': 1000, 'n_jobs': -1, 'max_features': 200}",2,1.0,1.0,0.95,1.0,1.0,1.0,0.23666427817562774,0.04485043231272929,0.023570226039551608,0.0
6,3.9361165364583335,0.3858918348948161,0.975,1.0,,1000,-1,"{'n_estimators': 1000, 'n_jobs': -1, 'max_features': None}",4,0.975609756097561,1.0,0.95,1.0,1.0,1.0,0.5485690417272017,0.05505080671913583,0.020287566780017245,0.0
