,mean_fit_time,mean_score_time,mean_test_score,mean_train_score,param_max_features,param_n_estimators,param_n_jobs,params,rank_test_score,split0_test_score,split0_train_score,split1_test_score,split1_train_score,split2_test_score,split2_train_score,std_fit_time,std_score_time,std_test_score,std_train_score
0,1.6976112524668376,0.34616955121358234,0.7794724715147558,1.0,5,1000,-1,"{'n_jobs': -1, 'max_features': 5, 'n_estimators': 1000}",6,0.7804878048780488,1.0,0.763819095477387,1.0,0.7942583732057416,1.0,0.056768828003180914,0.050408437125051414,0.012437075642860337,0.0
1,1.8463774522145588,0.3810586929321289,0.7839592303491122,1.0,10,1000,-1,"{'n_jobs': -1, 'max_features': 10, 'n_estimators': 1000}",4,0.7864077669902914,1.0,0.76,1.0,0.8056872037914691,1.0,0.03258904031850025,0.05026884336619808,0.018716542789357245,0.0
2,1.8708656628926594,0.3834877014160156,0.7952193739485852,1.0,20,1000,-1,"{'n_jobs': -1, 'max_features': 20, 'n_estimators': 1000}",1,0.7941176470588236,1.0,0.7783251231527093,1.0,0.8133971291866028,1.0,0.05320865357807912,0.0519883694390736,0.014327231476571143,0.0
3,2.554166873296102,0.45090389251708984,0.7854244580229544,1.0,50,1000,-1,"{'n_jobs': -1, 'max_features': 50, 'n_estimators': 1000}",3,0.7766990291262137,1.0,0.7647058823529411,1.0,0.8151658767772512,1.0,0.20743921035442073,0.04751094197101595,0.021491998642174933,0.0
4,2.6096831957499185,0.38202659289042157,0.7839323348817808,1.0,100,1000,-1,"{'n_jobs': -1, 'max_features': 100, 'n_estimators': 1000}",5,0.7722772277227723,1.0,0.768472906403941,1.0,0.8113207547169812,1.0,0.30432147318614594,0.05005870020962849,0.019332158535666277,0.0
5,3.0997941493988037,0.34777434666951496,0.7854504623465235,1.0,200,1000,-1,"{'n_jobs': -1, 'max_features': 200, 'n_estimators': 1000}",2,0.7609756097560977,1.0,0.7843137254901961,1.0,0.8113207547169812,1.0,0.1884093593870281,0.05179407670204696,0.020551671457248958,0.0
6,5.13614805539449,0.31020641326904297,0.7741753924662821,1.0,,1000,-1,"{'n_jobs': -1, 'max_features': None, 'n_estimators': 1000}",7,0.7655502392344498,1.0,0.7647058823529411,1.0,0.7924528301886794,1.0,0.2717495571536611,0.0006623711249621988,0.012863952024621922,0.0
