,mean_fit_time,mean_score_time,mean_test_score,mean_train_score,param_max_features,param_n_estimators,param_n_jobs,params,rank_test_score,split0_test_score,split0_train_score,split1_test_score,split1_train_score,split2_test_score,split2_train_score,std_fit_time,std_score_time,std_test_score,std_train_score
0,1.8441143830617268,0.42146484057108563,0.832427536231884,1.0,5,1000,-1,"{'n_jobs': -1, 'max_features': 5, 'n_estimators': 1000}",2,0.8125,1.0,0.8505434782608695,1.0,0.8342391304347826,1.0,0.020341466001837744,0.00024441105030807014,0.015583922585222128,0.0
1,1.848862091700236,0.3144041697184245,0.8360507246376812,1.0,10,1000,-1,"{'n_jobs': -1, 'max_features': 10, 'n_estimators': 1000}",1,0.8125,1.0,0.8641304347826086,1.0,0.8315217391304348,1.0,0.05956859722796313,0.0012890147658317533,0.021319931695543127,0.0
2,2.9803644021352134,0.4864388306935628,0.8315217391304348,1.0,20,1000,-1,"{'n_jobs': -1, 'max_features': 20, 'n_estimators': 1000}",3,0.8016304347826086,1.0,0.8532608695652174,1.0,0.8396739130434783,1.0,0.6772541412394126,0.0507033575863599,0.021852061742418175,0.0
3,3.250468651453654,0.3829398949940999,0.8315217391304348,1.0,50,1000,-1,"{'n_jobs': -1, 'max_features': 50, 'n_estimators': 1000}",3,0.8179347826086957,1.0,0.845108695652174,1.0,0.8315217391304348,1.0,0.34368933351984804,0.047139886596549385,0.011093703545213673,0.0
4,3.5352964401245117,0.3862318992614746,0.8260869565217391,1.0,100,1000,-1,"{'n_jobs': -1, 'max_features': 100, 'n_estimators': 1000}",5,0.8179347826086957,1.0,0.8369565217391305,1.0,0.8233695652173914,1.0,0.18848344701685357,0.049029591771477164,0.007999783393412915,0.0
5,4.109210809071858,0.38677414258321124,0.8206521739130435,1.0,200,1000,-1,"{'n_jobs': -1, 'max_features': 200, 'n_estimators': 1000}",6,0.8125,1.0,0.8206521739130435,1.0,0.8288043478260869,1.0,0.21410905493703472,0.05220790166167369,0.006656222127128185,0.0
6,7.113607406616211,0.35120971997578937,0.8070652173913043,1.0,,1000,-1,"{'n_jobs': -1, 'max_features': None, 'n_estimators': 1000}",7,0.7880434782608695,1.0,0.8152173913043478,1.0,0.8179347826086957,1.0,0.03530882979447675,0.04671242081351429,0.013496072849412469,0.0
