,mean_fit_time,mean_score_time,mean_test_score,mean_train_score,param_max_features,param_n_estimators,param_n_jobs,params,rank_test_score,split0_test_score,split0_train_score,split1_test_score,split1_train_score,split2_test_score,split2_train_score,std_fit_time,std_score_time,std_test_score,std_train_score
0,1.7920331160227458,0.3090817133585612,0.7274247491638796,1.0,5,1000,-1,"{'n_estimators': 1000, 'n_jobs': -1, 'max_features': 5}",7,0.705,1.0,0.7185929648241206,1.0,0.7587939698492462,1.0,0.11321948651357175,0.0014857849287669828,0.022838590632302647,0.0
1,2.008776585261027,0.3433469931284587,0.7441471571906354,1.0,10,1000,-1,"{'n_estimators': 1000, 'n_jobs': -1, 'max_features': 10}",6,0.71,1.0,0.7587939698492462,1.0,0.7638190954773869,1.0,0.17143430937417858,0.04817336766552624,0.02429291052170882,0.0
2,2.0952769120534263,0.31050992012023926,0.745819397993311,1.0,20,1000,-1,"{'n_estimators': 1000, 'n_jobs': -1, 'max_features': 20}",5,0.73,1.0,0.7487437185929648,1.0,0.7587939698492462,1.0,0.1442135605377427,0.0016208105459923966,0.011939928556394353,0.0
3,2.523806015650431,0.3108590443929036,0.7625418060200669,1.0,50,1000,-1,"{'n_estimators': 1000, 'n_jobs': -1, 'max_features': 50}",3,0.75,1.0,0.7638190954773869,1.0,0.7738693467336684,1.0,0.07529273722672075,0.002643674233059664,0.009790306822959506,0.0
4,2.7463335196177163,0.3119008541107178,0.774247491638796,1.0,100,1000,-1,"{'n_estimators': 1000, 'n_jobs': -1, 'max_features': 100}",1,0.76,1.0,0.7839195979899497,1.0,0.7788944723618091,1.0,0.047531025696503,0.00022502798814835935,0.010305685165924937,0.0
5,3.905983050664266,0.34311620394388836,0.7642140468227425,1.0,200,1000,-1,"{'n_estimators': 1000, 'n_jobs': -1, 'max_features': 200}",2,0.755,1.0,0.7537688442211056,1.0,0.7839195979899497,1.0,0.1378241522424206,0.04755822612308588,0.01392553785999297,0.0
6,6.608111540476481,0.31737740834554035,0.7508361204013378,1.0,,1000,-1,"{'n_estimators': 1000, 'n_jobs': -1, 'max_features': None}",4,0.74,1.0,0.7286432160804021,1.0,0.7839195979899497,1.0,0.17018626374799337,0.010047665917112245,0.023820172091693563,0.0
