,mean_fit_time,mean_score_time,mean_test_score,mean_train_score,param_max_features,param_n_estimators,param_n_jobs,params,rank_test_score,split0_test_score,split0_train_score,split1_test_score,split1_train_score,split2_test_score,split2_train_score,std_fit_time,std_score_time,std_test_score,std_train_score
0,2.1599556605021157,0.3098580837249756,0.7636363636363637,1.0,5,1000,-1,"{'n_jobs': -1, 'n_estimators': 1000, 'max_features': 5}",7,0.7363636363636363,1.0,0.7772727272727272,1.0,0.7772727272727272,1.0,0.10697185804817272,0.0006068575146956972,0.019284730395996746,0.0
1,2.413583993911743,0.3101743857065837,0.7727272727272727,1.0,10,1000,-1,"{'n_jobs': -1, 'n_estimators': 1000, 'max_features': 10}",3,0.740909090909091,1.0,0.8,1.0,0.7772727272727272,1.0,0.09414317006134681,0.0007442337010886346,0.02433693697607425,0.0
2,2.8464948336283364,0.31121373176574707,0.7818181818181819,1.0,20,1000,-1,"{'n_jobs': -1, 'n_estimators': 1000, 'max_features': 20}",1,0.7545454545454545,1.0,0.7954545454545454,1.0,0.7954545454545454,1.0,0.16258748480074117,0.0017654419851145093,0.019284730395996746,0.0
3,2.984005928039551,0.31635816891988117,0.7787878787878788,1.0,50,1000,-1,"{'n_jobs': -1, 'n_estimators': 1000, 'max_features': 50}",2,0.759090909090909,1.0,0.7954545454545454,1.0,0.7818181818181819,1.0,0.3934607150785995,0.005329780997813349,0.014999234752441927,0.0
4,3.9978007475535073,0.3520548343658447,0.7727272727272727,1.0,100,1000,-1,"{'n_jobs': -1, 'n_estimators': 1000, 'max_features': 100}",3,0.7545454545454545,1.0,0.7909090909090909,1.0,0.7727272727272727,1.0,0.5240876636389658,0.059557945016753176,0.014845392380504115,0.0
5,5.194424311319987,0.3915778001149495,0.7727272727272727,1.0,200,1000,-1,"{'n_jobs': -1, 'n_estimators': 1000, 'max_features': 200}",3,0.7545454545454545,1.0,0.7863636363636364,1.0,0.7772727272727272,1.0,0.5885077944984246,0.057784602357982655,0.013381455858072506,0.0
6,8.457324981689453,0.3506191571553548,0.7696969696969697,1.0,,1000,-1,"{'n_jobs': -1, 'n_estimators': 1000, 'max_features': None}",6,0.7363636363636363,1.0,0.8,1.0,0.7727272727272727,1.0,2.0040021266691164,0.055852547160633044,0.026067652324371627,0.0
