,mean_fit_time,mean_score_time,mean_test_score,mean_train_score,param_max_features,param_n_estimators,param_n_jobs,params,rank_test_score,split0_test_score,split0_train_score,split1_test_score,split1_train_score,split2_test_score,split2_train_score,std_fit_time,std_score_time,std_test_score,std_train_score
0,3.174100875854492,0.47088146209716797,0.7927835051546391,1.0,5,1000,-1,"{'n_estimators': 1000, 'n_jobs': -1, 'max_features': 5}",5,0.7868177136972193,1.0,0.7948453608247422,1.0,0.7966976264189887,1.0,0.28974719999005155,0.06020469124318217,0.004288867722737672,0.0
1,3.2433557510375977,0.4460289478302002,0.7958762886597938,1.0,10,1000,-1,"{'n_estimators': 1000, 'n_jobs': -1, 'max_features': 10}",3,0.7857878475798146,1.0,0.7948453608247422,1.0,0.8070175438596491,1.0,0.27500346383771523,0.016856674326191496,0.008697585505259568,0.0
2,3.982710679372152,0.6193743546803793,0.7989690721649485,1.0,20,1000,-1,"{'n_estimators': 1000, 'n_jobs': -1, 'max_features': 20}",1,0.7950566426364573,1.0,0.8,1.0,0.8018575851393189,1.0,0.34974197912236665,0.13452343176377926,0.0028705750403134216,0.0
3,6.3618074258168535,0.4184660116831462,0.7948453608247422,1.0,50,1000,-1,"{'n_estimators': 1000, 'n_jobs': -1, 'max_features': 50}",4,0.7971163748712667,1.0,0.790721649484536,1.0,0.7966976264189887,1.0,0.535532959746178,0.051338982554337415,0.0029209112656828217,0.0
4,8.639681975046793,0.4041806062062581,0.7962199312714776,1.0,100,1000,-1,"{'n_estimators': 1000, 'n_jobs': -1, 'max_features': 100}",2,0.7981462409886715,1.0,0.8030927835051547,1.0,0.7874097007223942,1.0,0.5563609607536393,0.051052426827121015,0.006544481999534701,0.0
5,16.52225375175476,0.456862211227417,0.7814432989690722,1.0,200,1000,-1,"{'n_estimators': 1000, 'n_jobs': -1, 'max_features': 200}",6,0.7796086508753862,1.0,0.7896907216494845,1.0,0.7750257997936016,1.0,0.662234392468962,0.08249786002463992,0.006124574057627942,0.0
6,27.11138168970744,0.5462381839752197,0.7694158075601375,1.0,,1000,-1,"{'n_estimators': 1000, 'n_jobs': -1, 'max_features': None}",7,0.780638516992791,1.0,0.7639175257731958,1.0,0.7636738906088751,1.0,2.0788686675506107,0.11983957869039573,0.007942413049528108,0.0
