,mean_fit_time,mean_score_time,mean_test_score,mean_train_score,param_max_features,param_n_estimators,param_n_jobs,params,rank_test_score,split0_test_score,split0_train_score,split1_test_score,split1_train_score,split2_test_score,split2_train_score,std_fit_time,std_score_time,std_test_score,std_train_score
0,2.9602076212565103,0.4601924419403076,0.7922150658078969,1.0,5,1000,-1,"{'n_jobs': -1, 'max_features': 5, 'n_estimators': 1000}",1,0.7875734676742233,1.0,0.7823529411764706,1.0,0.8067226890756303,1.0,0.04742842515167894,0.013043792350755925,0.010475415015015957,0.0
1,3.34177033106486,0.4497226079305013,0.7894147297675721,1.0,10,1000,-1,"{'n_jobs': -1, 'max_features': 10, 'n_estimators': 1000}",2,0.7808564231738035,1.0,0.7789915966386555,1.0,0.8084033613445378,1.0,0.03610223297658072,0.00887549215316992,0.013445743719684686,0.0
2,4.708463907241821,0.4807915687561035,0.782973956874825,1.0,20,1000,-1,"{'n_jobs': -1, 'max_features': 20, 'n_estimators': 1000}",3,0.7758186397984886,1.0,0.7638655462184873,1.0,0.8092436974789916,1.0,0.2800754360085096,0.05043161246664293,0.019202103758738678,0.0
3,6.584115187327067,0.449724276860555,0.7793335200224026,1.0,50,1000,-1,"{'n_jobs': -1, 'max_features': 50, 'n_estimators': 1000}",4,0.7699412258606213,1.0,0.7672268907563026,1.0,0.8008403361344538,1.0,0.10558602113056981,0.012364160098103644,0.015244754674323048,0.0
4,10.117788632710775,0.44744030634562176,0.773172780733688,1.0,100,1000,-1,"{'n_jobs': -1, 'max_features': 100, 'n_estimators': 1000}",5,0.7649034424853065,1.0,0.7571428571428571,1.0,0.7974789915966387,1.0,0.13498376580821256,0.012373067568517832,0.01747315266169555,0.0
5,18.31271990140279,0.42127331097920734,0.7714925791094931,1.0,200,1000,-1,"{'n_jobs': -1, 'max_features': 200, 'n_estimators': 1000}",6,0.7674223341729639,1.0,0.7579831932773109,1.0,0.7890756302521008,1.0,0.4118063698148352,0.04351355762456603,0.013014167691757996,0.0
6,36.304174979527794,0.45873506863911945,0.7653318398207785,1.0,,1000,-1,"{'n_jobs': -1, 'max_features': None, 'n_estimators': 1000}",7,0.7682619647355163,1.0,0.7521008403361344,1.0,0.7756302521008404,1.0,0.6317154635702272,0.007731697480913779,0.009825618916774801,0.0
