,mean_fit_time,mean_score_time,mean_test_score,mean_train_score,param_max_features,param_n_estimators,param_n_jobs,params,rank_test_score,split0_test_score,split0_train_score,split1_test_score,split1_train_score,split2_test_score,split2_train_score,std_fit_time,std_score_time,std_test_score,std_train_score
0,1.726406733194987,0.41168777147928876,0.9107142857142857,1.0,5,1000,-1,"{'n_jobs': -1, 'n_estimators': 1000, 'max_features': 5}",7,0.8421052631578947,1.0,0.9473684210526315,1.0,0.9444444444444444,1.0,0.05504583184876052,0.002923404381325417,0.04917947699147269,0.0
1,1.677656650543213,0.34249043464660645,0.9642857142857143,1.0,10,1000,-1,"{'n_jobs': -1, 'n_estimators': 1000, 'max_features': 10}",6,0.8947368421052632,1.0,1.0,1.0,1.0,1.0,0.058195288745708965,0.05200276587139824,0.04983862249459718,0.0
2,1.8852038383483887,0.2743388811747233,0.9821428571428571,1.0,20,1000,-1,"{'n_jobs': -1, 'n_estimators': 1000, 'max_features': 20}",5,0.9473684210526315,1.0,1.0,1.0,1.0,1.0,0.07185239579219797,0.04917900386019603,0.024919311247298622,0.0
3,1.8274580637613933,0.2716689109802246,1.0,1.0,50,1000,-1,"{'n_jobs': -1, 'n_estimators': 1000, 'max_features': 50}",1,1.0,1.0,1.0,1.0,1.0,1.0,0.06448072326941036,0.046984395406413484,0.0,0.0
4,1.912264347076416,0.2720527648925781,1.0,1.0,100,1000,-1,"{'n_jobs': -1, 'n_estimators': 1000, 'max_features': 100}",1,1.0,1.0,1.0,1.0,1.0,1.0,0.18020968718163913,0.04866452359853065,0.0,0.0
5,2.0567529996236167,0.27195223172505695,1.0,1.0,200,1000,-1,"{'n_jobs': -1, 'n_estimators': 1000, 'max_features': 200}",1,1.0,1.0,1.0,1.0,1.0,1.0,0.23244255262283003,0.0477700560670138,0.0,0.0
6,2.0789562861124673,0.3054353396097819,1.0,1.0,,1000,-1,"{'n_jobs': -1, 'n_estimators': 1000, 'max_features': None}",1,1.0,1.0,1.0,1.0,1.0,1.0,0.2698230472119827,0.0007145287298116443,0.0,0.0
