,mean_fit_time,mean_score_time,mean_test_score,mean_train_score,param_max_features,param_n_estimators,param_n_jobs,params,rank_test_score,split0_test_score,split0_train_score,split1_test_score,split1_train_score,split2_test_score,split2_train_score,std_fit_time,std_score_time,std_test_score,std_train_score
0,1.6023820241292317,0.4102354049682617,0.9283387622149837,1.0,5,1000,-1,"{'max_features': 5, 'n_jobs': -1, 'n_estimators': 1000}",7,0.8932038834951457,1.0,0.9514563106796117,1.0,0.9405940594059405,1.0,0.0811950550136545,0.0826230691287132,0.025355077130962557,0.0
1,1.7868221600850422,0.4440118471781413,0.9381107491856677,1.0,10,1000,-1,"{'max_features': 10, 'n_jobs': -1, 'n_estimators': 1000}",6,0.9223300970873787,1.0,0.9514563106796117,1.0,0.9405940594059405,1.0,0.11088836487737079,0.09661190637554484,0.012055456547010604,0.0
2,1.6096137364705403,0.342087984085083,0.9413680781758957,1.0,20,1000,-1,"{'max_features': 20, 'n_jobs': -1, 'n_estimators': 1000}",3,0.9320388349514563,1.0,0.9611650485436893,1.0,0.9306930693069307,1.0,0.06577245787826094,0.047677401031941735,0.014077713944775838,0.0
3,1.581217845280965,0.41035262743632,0.9478827361563518,1.0,50,1000,-1,"{'max_features': 50, 'n_jobs': -1, 'n_estimators': 1000}",1,0.9514563106796117,1.0,0.9514563106796117,1.0,0.9405940594059405,1.0,0.0580366108352015,0.0019182618314484159,0.00510358986827373,0.0
4,1.6914494037628174,0.40980712572733563,0.9413680781758957,1.0,100,1000,-1,"{'max_features': 100, 'n_jobs': -1, 'n_estimators': 1000}",3,0.941747572815534,1.0,0.9514563106796117,1.0,0.9306930693069307,1.0,0.036542671164702195,0.08418696289557157,0.008466629594956768,0.0
5,1.7578806082407634,0.3764028549194336,0.9446254071661238,1.0,200,1000,-1,"{'max_features': 200, 'n_jobs': -1, 'n_estimators': 1000}",2,0.9514563106796117,1.0,0.9514563106796117,1.0,0.9306930693069307,1.0,0.026116010154648425,0.04877128362500543,0.00975553461546121,0.0
6,1.9506465593973796,0.2740172545115153,0.9413680781758957,1.0,,1000,-1,"{'max_features': None, 'n_jobs': -1, 'n_estimators': 1000}",3,0.941747572815534,1.0,0.9514563106796117,1.0,0.9306930693069307,1.0,0.08011387133027867,0.04844523468710621,0.008466629594956768,0.0
