,mean_fit_time,mean_score_time,mean_test_score,mean_train_score,param_max_features,param_n_estimators,param_n_jobs,params,rank_test_score,split0_test_score,split0_train_score,split1_test_score,split1_train_score,split2_test_score,split2_train_score,std_fit_time,std_score_time,std_test_score,std_train_score
0,1.7041067282358806,0.37675197919209796,0.9333333333333333,1.0,5,1000,-1,"{'n_jobs': -1, 'n_estimators': 1000, 'max_features': 5}",7,0.95,1.0,0.95,1.0,0.9,1.0,0.05149829403557871,0.04914204072902142,0.023570226039551553,0.0
1,1.7192924817403157,0.3774866263071696,0.9416666666666667,1.0,10,1000,-1,"{'n_jobs': -1, 'n_estimators': 1000, 'max_features': 10}",6,0.95,1.0,0.95,1.0,0.925,1.0,0.0381893517133562,0.04565891592383333,0.011785113019775752,0.0
2,1.6884078184763591,0.37637050946553546,0.9666666666666667,1.0,20,1000,-1,"{'n_jobs': -1, 'n_estimators': 1000, 'max_features': 20}",5,0.95,1.0,0.975,1.0,0.975,1.0,0.02603895872998461,0.04883630987975551,0.011785113019775804,0.0
3,1.566420316696167,0.30750147501627606,0.9833333333333333,1.0,50,1000,-1,"{'n_jobs': -1, 'n_estimators': 1000, 'max_features': 50}",1,0.975,1.0,1.0,1.0,0.975,1.0,0.01696263437953077,0.08398324400136421,0.011785113019775804,0.0
4,1.6443947156270344,0.34188071886698407,0.9833333333333333,1.0,100,1000,-1,"{'n_jobs': -1, 'n_estimators': 1000, 'max_features': 100}",1,0.975,1.0,1.0,1.0,0.975,1.0,0.059347405633213425,0.04824410658007218,0.011785113019775804,0.0
5,1.5629003047943115,0.34160439173380536,0.9833333333333333,1.0,200,1000,-1,"{'n_jobs': -1, 'n_estimators': 1000, 'max_features': 200}",1,0.975,1.0,1.0,1.0,0.975,1.0,0.0394092168273167,0.049335007157033,0.011785113019775804,0.0
6,1.5276665687561035,0.3413710594177246,0.9833333333333333,1.0,,1000,-1,"{'n_jobs': -1, 'n_estimators': 1000, 'max_features': None}",1,0.975,1.0,1.0,1.0,0.975,1.0,0.024577100648389926,0.048185409468444386,0.011785113019775804,0.0
