,mean_fit_time,mean_score_time,mean_test_score,mean_train_score,param_max_features,param_n_estimators,param_n_jobs,params,rank_test_score,split0_test_score,split0_train_score,split1_test_score,split1_train_score,split2_test_score,split2_train_score,std_fit_time,std_score_time,std_test_score,std_train_score
0,1.8914133707682292,0.42265717188517254,0.8333333333333334,1.0,5,1000,-1,"{'n_jobs': -1, 'max_features': 5, 'n_estimators': 1000}",1,0.8075880758807588,1.0,0.8396739130434783,1.0,0.8528610354223434,1.0,0.06207049321348741,0.002602629804986407,0.01901856366748994,0.0
1,1.9196661313374836,0.42076754570007324,0.8306159420289855,1.0,10,1000,-1,"{'n_jobs': -1, 'max_features': 10, 'n_estimators': 1000}",3,0.8075880758807588,1.0,0.8288043478260869,1.0,0.8555858310626703,1.0,0.09977192018628091,0.003430823062503592,0.019636755975845428,0.0
2,1.9472239812215169,0.3477354844411214,0.8315217391304348,1.0,20,1000,-1,"{'n_jobs': -1, 'max_features': 20, 'n_estimators': 1000}",2,0.8075880758807588,1.0,0.8233695652173914,1.0,0.8637602179836512,1.0,0.04155327677418949,0.047304009574182806,0.023645507210558282,0.0
3,2.3417726357777915,0.386430819829305,0.8197463768115942,1.0,50,1000,-1,"{'n_jobs': -1, 'max_features': 50, 'n_estimators': 1000}",4,0.7940379403794038,1.0,0.8260869565217391,1.0,0.8392370572207084,1.0,0.023759571271656132,0.05118402352888239,0.018989268595524803,0.0
4,2.84706974029541,0.451709508895874,0.8134057971014492,1.0,100,1000,-1,"{'n_jobs': -1, 'max_features': 100, 'n_estimators': 1000}",5,0.7940379403794038,1.0,0.8152173913043478,1.0,0.8310626702997275,1.0,0.046312427733974176,0.04739116121361614,0.015169410688575894,0.0
5,4.00160535176595,0.3887832959493001,0.8106884057971014,1.0,200,1000,-1,"{'n_jobs': -1, 'max_features': 200, 'n_estimators': 1000}",6,0.7967479674796748,1.0,0.8179347826086957,1.0,0.8174386920980926,1.0,0.04425196443088472,0.0473986478643005,0.009879548359232165,0.0
6,8.283866802851358,0.3883669376373291,0.8106884057971014,1.0,,1000,-1,"{'n_jobs': -1, 'max_features': None, 'n_estimators': 1000}",6,0.8130081300813008,1.0,0.8070652173913043,1.0,0.8119891008174387,1.0,1.577918994486253,0.05213134919136512,0.002595537697806031,0.0
