,mean_fit_time,mean_score_time,mean_test_score,mean_train_score,param_C,param_kernel,param_probability,params,rank_test_score,split0_test_score,split0_train_score,split1_test_score,split1_train_score,split2_test_score,split2_train_score,std_fit_time,std_score_time,std_test_score,std_train_score
0,0.051242828369140625,0.0204620361328125,0.921875,1.0,0.1,linear,False,"{'kernel': 'linear', 'C': 0.1, 'probability': False}",2,0.953125,1.0,0.90625,1.0,0.90625,1.0,0.008818461088053781,0.008398110240137084,0.02209708691207961,0.0
1,0.051563103993733726,0.019720156987508137,0.515625,0.515625,0.1,poly,False,"{'kernel': 'poly', 'C': 0.1, 'probability': False}",5,0.515625,0.515625,0.515625,0.515625,0.515625,0.515625,0.013580039093636944,0.004616056141998441,0.0,0.0
2,0.048959573109944664,0.02459295590718587,0.515625,0.515625,0.1,rbf,False,"{'kernel': 'rbf', 'C': 0.1, 'probability': False}",5,0.515625,0.515625,0.515625,0.515625,0.515625,0.515625,0.006886955929404115,0.008353891980149979,0.0,0.0
3,0.06355102856953938,0.018236875534057617,0.921875,1.0,1,linear,False,"{'kernel': 'linear', 'C': 1, 'probability': False}",2,0.953125,1.0,0.90625,1.0,0.90625,1.0,0.0030985363490282497,0.0006930146103417322,0.02209708691207961,0.0
4,0.08005174001057942,0.030222336451212566,0.515625,0.515625,1,poly,False,"{'kernel': 'poly', 'C': 1, 'probability': False}",5,0.515625,0.515625,0.515625,0.515625,0.515625,0.515625,0.014661406340267786,0.014583195127457345,0.0,0.0
5,0.06646013259887695,0.038340489069620766,0.515625,0.515625,1,rbf,False,"{'kernel': 'rbf', 'C': 1, 'probability': False}",5,0.515625,0.515625,0.515625,0.515625,0.515625,0.515625,0.010789857088200221,0.007042524069645889,0.0,0.0
6,0.060176849365234375,0.02100960413614909,0.921875,1.0,10,linear,False,"{'kernel': 'linear', 'C': 10, 'probability': False}",2,0.953125,1.0,0.90625,1.0,0.90625,1.0,0.015265845738291107,0.005102574750052211,0.02209708691207961,0.0
7,0.05827991167704264,0.020602305730183918,0.515625,0.515625,10,poly,False,"{'kernel': 'poly', 'C': 10, 'probability': False}",5,0.515625,0.515625,0.515625,0.515625,0.515625,0.515625,0.00486731503867329,0.0047261221122271236,0.0,0.0
8,0.06748334566752116,0.029122114181518555,0.9427083333333334,0.9921875,10,rbf,False,"{'kernel': 'rbf', 'C': 10, 'probability': False}",1,0.9375,0.9921875,0.96875,0.9921875,0.921875,0.9921875,0.0033694663706671257,0.006186175354537213,0.01948779888944761,0.0
