aa,count,observed,expected,p-value
R,16,0.09876543209876543,0.05641358208247376,0.021369154202638917
P,17,0.10493827160493827,0.06310362487786969,0.02770297009872415
V,16,0.09876543209876543,0.05969329362753354,0.03354583953699774
S,20,0.12345679012345678,0.08320713679928025,0.04933755076339687
A,14,0.08641975308641975,0.0701782848581734,0.2479805662002136
T,10,0.06172839506172839,0.053571477460770595,0.3691156425527949
H,5,0.030864197530864196,0.026268603041240058,0.4216033871230751
E,12,0.07407407407407407,0.07101269660628104,0.48286071328807967
W,2,0.012345679012345678,0.01218605015107816,0.5885867568670571
M,3,0.018518518518518517,0.02132218758950298,0.6735525603866487
F,5,0.030864197530864196,0.03651443391901419,0.70835570337783
G,9,0.05555555555555555,0.06570259491632346,0.7436119832827431
I,5,0.030864197530864196,0.04340601435297719,0.8359014514377523
N,4,0.024691358024691357,0.03588147149324288,0.836291641210609
Y,2,0.012345679012345678,0.026648097884764452,0.9316190893310092
L,11,0.06790123456790123,0.09959377183342817,0.9370726425280518
D,4,0.024691358024691357,0.047394198701097866,0.951278175486406
K,5,0.030864197530864196,0.0572700728882684,0.9580579111601399
Q,2,0.012345679012345678,0.047658794128419044,0.996659762524789
C,0,0.0,0.02297025677149244,1.0
