aa,count,observed,expected,p-value
L,65,0.15853658536585366,0.09959377183342817,0.00013015623784734767
P,43,0.1048780487804878,0.06310362487786969,0.0008585021652161496
V,41,0.1,0.05969329362753354,0.0009767575521889746
A,40,0.0975609756097561,0.0701782848581734,0.022938802064400847
I,25,0.06097560975609756,0.04340601435297719,0.05762440221181982
R,25,0.06097560975609756,0.05641358208247376,0.37366848852935297
S,34,0.08292682926829269,0.08320713679928025,0.5339607736282548
M,7,0.01707317073170732,0.02132218758950298,0.7716320385036517
T,19,0.046341463414634146,0.053571477460770595,0.7722105636725003
G,23,0.05609756097560976,0.06570259491632346,0.8102876872858136
Q,16,0.03902439024390244,0.047658794128419044,0.8247260332832835
N,11,0.026829268292682926,0.03588147149324288,0.8713870722320984
F,11,0.026829268292682926,0.03651443391901419,0.8846165773428422
H,6,0.014634146341463415,0.026268603041240058,0.958911876200455
K,15,0.036585365853658534,0.0572700728882684,0.9779132077953054
Y,4,0.00975609756097561,0.026648097884764452,0.9952059797189323
C,3,0.007317073170731708,0.02297025677149244,0.9958510458360903
E,15,0.036585365853658534,0.07101269660628104,0.9989003450623183
D,7,0.01707317073170732,0.047394198701097866,0.9996971537023369
W,0,0.0,0.01218605015107816,1.0
