aa,count,observed,expected,p-value
P,217,0.09917733089579525,0.06310362487786969,7.214514944049206e-11
L,308,0.14076782449725778,0.09959377183342817,6.330050594614886e-10
I,145,0.06627056672760512,0.04340601435297719,6.053271381472879e-07
A,176,0.08043875685557587,0.0701782848581734,0.03510909642940735
V,151,0.0690127970749543,0.05969329362753354,0.038559056667468165
R,129,0.058957952468007314,0.05641358208247376,0.3155574604123072
F,80,0.03656307129798903,0.03651443391901419,0.510867207382242
G,142,0.06489945155393052,0.06570259491632346,0.5724868291755536
K,115,0.052559414990859234,0.0572700728882684,0.8399917257265207
T,106,0.048446069469835464,0.053571477460770595,0.8677983847814391
S,161,0.07358318098720293,0.08320713679928025,0.9544036445666871
H,44,0.02010968921389397,0.026268603041240058,0.973093789674079
N,60,0.027422303473491772,0.03588147149324288,0.9881232683396269
W,16,0.007312614259597806,0.01218605015107816,0.9899612661910155
M,31,0.01416819012797075,0.02132218758950298,0.9942062450214696
Q,79,0.03610603290676417,0.047658794128419044,0.9963660061103603
Y,38,0.01736745886654479,0.026648097884764452,0.9983001065962166
D,65,0.029707495429616086,0.047394198701097866,0.9999873265395288
E,106,0.048446069469835464,0.07101269660628104,0.9999940140072123
C,19,0.008683729433272395,0.02297025677149244,0.9999998832583264
