aa,count,observed,expected,p-value
A,47,0.11137440758293839,0.0701782848581734,0.001295480413112794
G,39,0.0924170616113744,0.06570259491632346,0.021006576375861293
R,34,0.08056872037914692,0.05641358208247376,0.024856242860275626
S,46,0.10900473933649289,0.08320713679928025,0.03747365842104906
I,26,0.061611374407582936,0.04340601435297719,0.048686976081531885
P,35,0.08293838862559241,0.06310362487786969,0.06191691865548909
V,28,0.06635071090047394,0.05969329362753354,0.3093264892055395
K,26,0.061611374407582936,0.0572700728882684,0.37924710568336717
H,12,0.02843601895734597,0.026268603041240058,0.43105057268559605
Q,18,0.04265402843601896,0.047658794128419044,0.7171005551201843
N,12,0.02843601895734597,0.03588147149324288,0.8292944670819554
F,12,0.02843601895734597,0.03651443391901419,0.845738432701084
M,6,0.014218009478672985,0.02132218758950298,0.8867900112560133
C,6,0.014218009478672985,0.02297025677149244,0.922768619277918
W,2,0.004739336492890996,0.01218605015107816,0.9648663004798115
T,14,0.03317535545023697,0.053571477460770595,0.9815016803783879
L,30,0.07109004739336493,0.09959377183342817,0.9828799656654553
Y,5,0.011848341232227487,0.026648097884764452,0.9880400350697178
E,17,0.04028436018957346,0.07101269660628104,0.996969345516709
D,7,0.016587677725118485,0.047394198701097866,0.9998007794336802
