aa,count,observed,expected,p-value
P,54,0.13012048192771083,0.06310362487786969,4.75062283944675e-07
I,33,0.07951807228915662,0.04340601435297719,0.0007306346086332509
L,50,0.12048192771084337,0.09959377183342817,0.09276622482954086
V,30,0.07228915662650602,0.05969329362753354,0.1630644039879685
F,19,0.04578313253012048,0.03651443391901419,0.18765130690114326
R,27,0.06506024096385542,0.05641358208247376,0.24981587979502834
G,29,0.06987951807228916,0.06570259491632346,0.39309822738926653
A,26,0.06265060240963856,0.0701782848581734,0.7524246583629777
Y,9,0.021686746987951807,0.026648097884764452,0.7768148566953859
T,19,0.04578313253012048,0.053571477460770595,0.7890181641675384
K,20,0.04819277108433735,0.0572700728882684,0.8149836850669459
H,8,0.01927710843373494,0.026268603041240058,0.853791038774647
E,24,0.05783132530120482,0.07101269660628104,0.8752179726052075
N,11,0.02650602409638554,0.03588147149324288,0.8806004067994765
W,3,0.007228915662650603,0.01218605015107816,0.8816043126574398
Q,13,0.03132530120481928,0.047658794128419044,0.9604599681682283
S,25,0.060240963855421686,0.08320713679928025,0.9675905461549874
D,11,0.02650602409638554,0.047394198701097866,0.9886261207474696
M,2,0.004819277108433735,0.02132218758950298,0.9986899393135145
C,2,0.004819277108433735,0.02297025677149244,0.9993027111602528
