aa,count,observed,expected,p-value
L,58,0.14356435643564355,0.09959377183342817,0.003129747557534881
P,37,0.09158415841584158,0.06310362487786969,0.015731391302662052
G,33,0.08168316831683169,0.06570259491632346,0.11781066215905965
R,28,0.06930693069306931,0.05641358208247376,0.15481239682221828
T,26,0.06435643564356436,0.053571477460770595,0.19434105774363433
W,7,0.017326732673267328,0.01218605015107816,0.22571540160278028
D,21,0.05198019801980198,0.047394198701097866,0.36377568647998965
F,16,0.039603960396039604,0.03651443391901419,0.40601834022083677
A,29,0.07178217821782178,0.0701782848581734,0.47735420828721536
I,17,0.04207920792079208,0.04340601435297719,0.5861072473600293
K,22,0.054455445544554455,0.0572700728882684,0.6263939973145409
E,27,0.06683168316831684,0.07101269660628104,0.6557646641075251
H,9,0.022277227722772276,0.026268603041240058,0.7352037441953834
N,11,0.027227722772277228,0.03588147149324288,0.859587324052442
S,28,0.06930693069306931,0.08320713679928025,0.8661779102403869
Y,6,0.01485148514851485,0.026648097884764452,0.9588334549951303
C,4,0.009900990099009901,0.02297025677149244,0.9834895914041308
V,15,0.03712871287128713,0.05969329362753354,0.9837686158630204
M,3,0.007425742574257425,0.02132218758950298,0.9919891377810051
Q,7,0.017326732673267328,0.047658794128419044,0.9996556484346363
