aa,count,observed,expected,p-value
P,204,0.09840810419681621,0.06310362487786969,4.863497356762642e-10
L,294,0.14182344428364688,0.09959377183342817,7.088250419207855e-10
I,137,0.06608779546550893,0.04340601435297719,1.3846286724878464e-06
A,166,0.08007718282682104,0.0701782848581734,0.04467224593048462
V,142,0.06849975880366618,0.05969329362753354,0.05213112602523815
R,128,0.06174626145682586,0.05641358208247376,0.15746685074200717
G,138,0.06657018813314038,0.06570259491632346,0.44916844533447914
F,75,0.0361794500723589,0.03651443391901419,0.5485690812597077
T,102,0.049204052098408106,0.053571477460770595,0.8238638266757035
S,154,0.0742884708152436,0.08320713679928025,0.9363863701167877
H,44,0.021225277375783887,0.026268603041240058,0.9376781498965487
K,102,0.049204052098408106,0.0572700728882684,0.9508190029932759
N,59,0.028461167390255667,0.03588147149324288,0.9730238139108576
W,15,0.00723589001447178,0.01218605015107816,0.9894246832214255
Y,36,0.017366136034732273,0.026648097884764452,0.9978439885065882
M,25,0.0120598166907863,0.02132218758950298,0.9994046257061957
Q,69,0.03328509406657019,0.047658794128419044,0.9994850892030407
E,104,0.05016883743367101,0.07101269660628104,0.9999559941592364
D,61,0.02942595272551857,0.047394198701097866,0.9999848921451876
C,18,0.008683068017366137,0.02297025677149244,0.9999997633995351
