aa,count,observed,expected,p-value
Y,17,0.14782608695652175,0.026648097884764452,1.2496231072470323e-08
F,17,0.14782608695652175,0.03651443391901419,1.0424992967740487e-06
I,12,0.10434782608695652,0.04340601435297719,0.0043638753974898645
K,14,0.12173913043478261,0.0572700728882684,0.0061911389026523085
R,12,0.10434782608695652,0.05641358208247376,0.02929693216050584
M,5,0.043478260869565216,0.02132218758950298,0.10033415012650211
W,2,0.017391304347826087,0.01218605015107816,0.4094972334903774
H,3,0.02608695652173913,0.026268603041240058,0.5844989086876942
L,11,0.09565217391304348,0.09959377183342817,0.6017261668829588
V,6,0.05217391304347826,0.05969329362753354,0.6893097523712783
N,3,0.02608695652173913,0.03588147149324288,0.785152261804567
C,1,0.008695652173913044,0.02297025677149244,0.9309131698242022
P,4,0.034782608695652174,0.06310362487786969,0.9367368701040861
D,1,0.008695652173913044,0.047394198701097866,0.9962414482818995
G,2,0.017391304347826087,0.06570259491632346,0.9963337772096529
Q,1,0.008695652173913044,0.047658794128419044,0.9963596242354509
S,3,0.02608695652173913,0.08320713679928025,0.9970009686326979
A,1,0.008695652173913044,0.0701782848581734,0.9997677457233659
E,0,0.0,0.07101269660628104,1.0
T,0,0.0,0.053571477460770595,1.0
