aa,count,observed,expected,p-value
K,13,0.11304347826086956,0.0572700728882684,0.014692702807966659
P,13,0.11304347826086956,0.06310362487786969,0.0296901594062346
M,6,0.05217391304347826,0.02132218758950298,0.03715535050131378
Q,10,0.08695652173913043,0.047658794128419044,0.04842557702360195
I,8,0.06956521739130435,0.04340601435297719,0.12782668952963233
V,9,0.0782608695652174,0.05969329362753354,0.2488824443613692
L,14,0.12173913043478261,0.09959377183342817,0.2539456871106546
A,10,0.08695652173913043,0.0701782848581734,0.2877956293789347
F,5,0.043478260869565216,0.03651443391901419,0.41071507498380005
W,1,0.008695652173913044,0.01218605015107816,0.7558578194380587
D,4,0.034782608695652174,0.047394198701097866,0.7994684951639711
Y,2,0.017391304347826087,0.026648097884764452,0.8142536512007813
S,7,0.06086956521739131,0.08320713679928025,0.8516426581569405
T,4,0.034782608695652174,0.053571477460770595,0.8696402976217059
C,1,0.008695652173913044,0.02297025677149244,0.9309131698242022
G,4,0.034782608695652174,0.06570259491632346,0.9486124142670928
N,1,0.008695652173913044,0.03588147149324288,0.9850376653699091
E,2,0.017391304347826087,0.07101269660628104,0.9979491267876073
R,1,0.008695652173913044,0.05641358208247376,0.9987413838142267
H,0,0.0,0.026268603041240058,1.0
