aa,count,observed,expected,p-value
R,76,0.13333333333333333,0.05641358208247376,5.647476295965258e-12
S,87,0.15263157894736842,0.08320713679928025,3.5960486680588255e-08
A,66,0.11578947368421053,0.0701782848581734,5.3358656608558994e-05
K,42,0.07368421052631578,0.0572700728882684,0.05927851997221602
G,45,0.07894736842105263,0.06570259491632346,0.11835768496044696
V,39,0.06842105263157895,0.05969329362753354,0.21152643418850453
H,16,0.028070175438596492,0.026268603041240058,0.4291123292621418
P,34,0.05964912280701754,0.06310362487786969,0.6570702508165074
N,17,0.02982456140350877,0.03588147149324288,0.8115872586025548
D,20,0.03508771929824561,0.047394198701097866,0.9362476946290239
E,31,0.054385964912280704,0.07101269660628104,0.9527019227274581
Y,9,0.015789473684210527,0.026648097884764452,0.967774497081964
T,21,0.03684210526315789,0.053571477460770595,0.9744084369094076
W,2,0.0035087719298245615,0.01218605015107816,0.9925929063150158
M,4,0.007017543859649123,0.02132218758950298,0.9981154345574109
I,12,0.021052631578947368,0.04340601435297719,0.9986241312467887
F,8,0.014035087719298246,0.03651443391901419,0.9996244409078163
Q,11,0.01929824561403509,0.047658794128419044,0.9998879246919908
C,2,0.0035087719298245615,0.02297025677149244,0.9999745418951
L,28,0.04912280701754386,0.09959377183342817,0.9999963609619343
