aa,count,observed,expected,p-value
S,59,0.13981042654028436,0.08320713679928025,6.793530784959748e-05
L,67,0.15876777251184834,0.09959377183342817,9.949202638746262e-05
I,34,0.08056872037914692,0.04340601435297719,0.00048794874550695357
V,40,0.0947867298578199,0.05969329362753354,0.00293244596536749
A,37,0.08767772511848342,0.0701782848581734,0.09759305011355429
T,28,0.06635071090047394,0.053571477460770595,0.1455208473379308
Q,25,0.05924170616113744,0.047658794128419044,0.15764325273748273
Y,10,0.023696682464454975,0.026648097884764452,0.6886728293416546
K,22,0.052132701421800945,0.0572700728882684,0.7044716197999017
E,26,0.061611374407582936,0.07101269660628104,0.7993707043731237
N,11,0.026066350710900472,0.03588147149324288,0.892591394896245
F,11,0.026066350710900472,0.03651443391901419,0.9043112766571516
W,2,0.004739336492890996,0.01218605015107816,0.9648663004798115
G,19,0.045023696682464455,0.06570259491632346,0.9707408255216288
M,4,0.009478672985781991,0.02132218758950298,0.9796965245226676
P,13,0.030805687203791468,0.06310362487786969,0.9990491666530386
H,2,0.004739336492890996,0.026268603041240058,0.9998362405644979
C,1,0.002369668246445498,0.02297025677149244,0.9999449084184063
R,7,0.016587677725118485,0.05641358208247376,0.9999897758750714
D,4,0.009478672985781991,0.047394198701097866,0.9999977602960326
