aa,count,observed,expected,p-value
L,89,0.21707317073170732,0.09959377183342817,1.859126415259427e-12
I,32,0.07804878048780488,0.04340601435297719,0.001177868055142844
V,39,0.0951219512195122,0.05969329362753354,0.0030827156314610993
P,31,0.07560975609756097,0.06310362487786969,0.17250039342456516
H,11,0.026829268292682926,0.026268603041240058,0.5136490317834509
T,22,0.05365853658536585,0.053571477460770595,0.5275931401666383
R,23,0.05609756097560976,0.05641358208247376,0.5411589919326175
A,27,0.06585365853658537,0.0701782848581734,0.6615614838834005
K,20,0.04878048780487805,0.0572700728882684,0.7988890870521674
N,10,0.024390243902439025,0.03588147149324288,0.9239779897423716
F,10,0.024390243902439025,0.03651443391901419,0.9327855606825143
Q,13,0.03170731707317073,0.047658794128419044,0.9558870648068002
W,2,0.004878048780487805,0.01218605015107816,0.9602683301235931
S,25,0.06097560975609756,0.08320713679928025,0.9621871512360812
Y,6,0.014634146341463415,0.026648097884764452,0.9626180618431146
E,20,0.04878048780487805,0.07101269660628104,0.9731556163459169
D,12,0.02926829268292683,0.047394198701097866,0.9744623621826198
M,4,0.00975609756097561,0.02132218758950298,0.9756385734721866
C,3,0.007317073170731708,0.02297025677149244,0.9958510458360903
G,11,0.026829268292682926,0.06570259491632346,0.9998828690116441
