aa,count,observed,expected,p-value
L,354,0.13393870601589103,0.09959377183342817,1.0050138634508931e-08
I,162,0.06129398410896708,0.04340601435297719,1.1680317431520837e-05
R,193,0.0730230798335225,0.05641358208247376,0.00021445915830139927
V,202,0.07642830117290957,0.05969329362753354,0.0002676919050719807
A,232,0.08777903897086645,0.0701782848581734,0.00034550486753642844
P,200,0.07567158531971245,0.06310362487786969,0.00531318521628999
S,230,0.08702232311766932,0.08320713679928025,0.2481687665505276
K,153,0.05788876276958002,0.0572700728882684,0.4572887855099691
N,94,0.03556564510026485,0.03588147149324288,0.5492086532137376
Y,62,0.02345819144911086,0.026648097884764452,0.8604942442784136
F,84,0.03178206583427923,0.03651443391901419,0.9136266252976712
W,23,0.00870223231176693,0.01218605015107816,0.9631713038154487
T,118,0.044646235338630345,0.053571477460770595,0.9833216270355617
G,145,0.054861899356791526,0.06570259491632346,0.9903873626481686
Q,96,0.036322360953461974,0.047658794128419044,0.9980485039081245
H,44,0.01664774877033674,0.026268603041240058,0.9996126748720229
D,88,0.03329549754067348,0.047394198701097866,0.9998597560432936
M,30,0.011350737797956867,0.02132218758950298,0.9999610481207719
E,118,0.044646235338630345,0.07101269660628104,0.9999999929297242
C,15,0.0056753688989784334,0.02297025677149244,0.9999999999996138
