aa,count,observed,expected,p-value
I,32,0.07920792079207921,0.04340601435297719,0.0009268137492244346
P,36,0.0891089108910891,0.06310362487786969,0.024554962438232165
N,22,0.054455445544554455,0.03588147149324288,0.03670664035392654
K,32,0.07920792079207921,0.0572700728882684,0.041624704362856056
R,29,0.07178217821782178,0.05641358208247376,0.1116306122252186
V,28,0.06930693069306931,0.05969329362753354,0.23389382001277087
G,30,0.07425742574257425,0.06570259491632346,0.27013086821089627
S,37,0.09158415841584158,0.08320713679928025,0.29537986382394166
L,43,0.10643564356435643,0.09959377183342817,0.3463917917028743
H,11,0.027227722772277228,0.026268603041240058,0.4941308344373606
A,27,0.06683168316831684,0.0701782848581734,0.6315792210462654
Y,9,0.022277227722772276,0.026648097884764452,0.7500865447822364
W,3,0.007425742574257425,0.01218605015107816,0.8703007629097226
T,16,0.039603960396039604,0.053571477460770595,0.9179425114534636
F,10,0.024752475247524754,0.03651443391901419,0.9254670483366737
D,12,0.0297029702970297,0.047394198701097866,0.9706030485557858
C,4,0.009900990099009901,0.02297025677149244,0.9834895914041308
M,3,0.007425742574257425,0.02132218758950298,0.9919891377810051
Q,7,0.017326732673267328,0.047658794128419044,0.9996556484346363
E,13,0.03217821782178218,0.07101269660628104,0.9997440961142826
