aa,count,observed,expected,p-value
R,80,0.14035087719298245,0.05641358208247376,1.0811812720616548e-13
A,63,0.11052631578947368,0.0701782848581734,0.00028062642851845306
N,30,0.05263157894736842,0.03588147149324288,0.025754673161240704
F,28,0.04912280701754386,0.03651443391901419,0.07241613802020866
Y,21,0.03684210526315789,0.026648097884764452,0.08825763011316169
I,31,0.054385964912280704,0.04340601435297719,0.12022485253618026
W,9,0.015789473684210527,0.01218605015107816,0.2630624001519913
K,31,0.054385964912280704,0.0572700728882684,0.6418872564504652
L,52,0.0912280701754386,0.09959377183342817,0.7668074921368496
V,30,0.05263157894736842,0.05969329362753354,0.7854935740017109
D,23,0.04035087719298246,0.047394198701097866,0.8117736155720486
H,10,0.017543859649122806,0.026268603041240058,0.9318467408728538
S,38,0.06666666666666667,0.08320713679928025,0.937743718946385
M,7,0.012280701754385965,0.02132218758950298,0.9594899907178754
Q,19,0.03333333333333333,0.047658794128419044,0.9618025695817863
T,21,0.03684210526315789,0.053571477460770595,0.9744084369094076
P,25,0.043859649122807015,0.06310362487786969,0.9804346801756456
G,26,0.0456140350877193,0.06570259491632346,0.9825879602368636
E,23,0.04035087719298246,0.07101269660628104,0.9992035638904234
C,3,0.005263157894736842,0.02297025677149244,0.9998160851734103
