aa,count,observed,expected,p-value
R,26,0.16049382716049382,0.05641358208247376,1.5118648237452264e-06
P,25,0.15432098765432098,0.06310362487786969,3.2160478844673565e-05
K,17,0.10493827160493827,0.0572700728882684,0.011953333229745214
V,16,0.09876543209876543,0.05969329362753354,0.03354583953699774
H,8,0.04938271604938271,0.026268603041240058,0.0652262823849097
A,12,0.07407407407407407,0.0701782848581734,0.46625101772223987
Y,4,0.024691358024691357,0.026648097884764452,0.6290778465623876
M,3,0.018518518518518517,0.02132218758950298,0.6735525603866487
F,5,0.030864197530864196,0.03651443391901419,0.70835570337783
N,4,0.024691358024691357,0.03588147149324288,0.836291641210609
G,8,0.04938271604938271,0.06570259491632346,0.8412733179311805
W,1,0.006172839506172839,0.01218605015107816,0.8627933686608197
E,7,0.043209876543209874,0.07101269660628104,0.9462212702702855
D,4,0.024691358024691357,0.047394198701097866,0.951278175486406
Q,4,0.024691358024691357,0.047658794128419044,0.9527099236768942
I,3,0.018518518518518517,0.04340601435297719,0.9734270213487023
C,1,0.006172839506172839,0.02297025677149244,0.9768227898451844
T,3,0.018518518518518517,0.053571477460770595,0.9930523439099163
L,7,0.043209876543209874,0.09959377183342817,0.9974383306479784
S,4,0.024691358024691357,0.08320713679928025,0.9995031649017447
