aa,count,observed,expected,p-value
L,302,0.1456825856246985,0.09959377183342817,2.3504747419378974e-11
V,172,0.08297153883260974,0.05969329362753354,1.2802425466448862e-05
I,131,0.06319343945972021,0.04340601435297719,1.914118306145692e-05
P,175,0.0844187168355041,0.06310362487786969,7.894550001603385e-05
A,169,0.08152436082971538,0.0701782848581734,0.025826900069209447
S,192,0.09261939218523878,0.08320713679928025,0.06699844676222275
K,122,0.05885190545103714,0.0572700728882684,0.39141029355209966
R,113,0.05451037144235408,0.05641358208247376,0.6596643168708881
N,64,0.03087313072841293,0.03588147149324288,0.9029288072725331
T,97,0.046792088760250844,0.053571477460770595,0.9244528900406108
G,119,0.05740472744814279,0.06570259491632346,0.9440247852619167
Y,41,0.019778099372889532,0.026648097884764452,0.9815134075178935
Q,77,0.0371442354076218,0.047658794128419044,0.9911889232313822
F,56,0.027013989387361312,0.03651443391901419,0.9930555485884278
W,14,0.006753497346840328,0.01218605015107816,0.9945663190171814
H,34,0.016401350699469366,0.026268603041240058,0.9989331515910306
M,23,0.011095031355523395,0.02132218758950298,0.9998484448294379
D,65,0.03135552339604438,0.047394198701097866,0.9998903548420484
E,95,0.04582730342498794,0.07101269660628104,0.9999991667972116
C,12,0.005788712011577424,0.02297025677149244,0.9999999998616151
