aa,count,observed,expected,p-value
P,39,0.09397590361445783,0.06310362487786969,0.009133042895953607
L,56,0.13493975903614458,0.09959377183342817,0.012550298963432075
V,35,0.08433734939759036,0.05969329362753354,0.026345438876901273
A,38,0.09156626506024096,0.0701782848581734,0.05797005682754333
I,24,0.05783132530120482,0.04340601435297719,0.0968457587527271
F,20,0.04819277108433735,0.03651443391901419,0.12934974587611878
R,27,0.06506024096385542,0.05641358208247376,0.24981587979502834
K,26,0.06265060240963856,0.0572700728882684,0.34717762203648095
S,36,0.08674698795180723,0.08320713679928025,0.42224847014112366
Q,18,0.043373493975903614,0.047658794128419044,0.6912074012924274
G,25,0.060240963855421686,0.06570259491632346,0.7011546278924392
T,20,0.04819277108433735,0.053571477460770595,0.7171287998614579
W,4,0.00963855421686747,0.01218605015107816,0.7446423529204813
Y,8,0.01927710843373494,0.026648097884764452,0.8640227888094667
M,6,0.014457831325301205,0.02132218758950298,0.8774868838734619
H,4,0.00963855421686747,0.026268603041240058,0.9951105654134393
E,15,0.03614457831325301,0.07101269660628104,0.9991039052663214
N,5,0.012048192771084338,0.03588147149324288,0.9992002427961652
D,8,0.01927710843373494,0.047394198701097866,0.9992103497580509
C,1,0.0024096385542168677,0.02297025677149244,0.9999351767582412
