aa,count,observed,expected,p-value
L,91,0.2156398104265403,0.09959377183342817,1.5699194974966035e-12
I,36,0.08530805687203792,0.04340601435297719,0.00011367513092019275
P,35,0.08293838862559241,0.06310362487786969,0.06191691865548909
V,28,0.06635071090047394,0.05969329362753354,0.3093264892055395
F,17,0.04028436018957346,0.03651443391901419,0.3745255679302671
T,24,0.05687203791469194,0.053571477460770595,0.41139976471326506
Y,12,0.02843601895734597,0.026648097884764452,0.4504040670736004
N,14,0.03317535545023697,0.03588147149324288,0.6539083698157055
H,9,0.02132701421800948,0.026268603041240058,0.7790642721504945
M,7,0.016587677725118485,0.02132218758950298,0.7959742642945837
A,24,0.05687203791469194,0.0701782848581734,0.880492649964339
K,19,0.045023696682464455,0.0572700728882684,0.8855830448639475
W,3,0.0071090047393364926,0.01218605015107816,0.8883320995813746
D,15,0.035545023696682464,0.047394198701097866,0.900723531429906
Q,15,0.035545023696682464,0.047658794128419044,0.9049190825546453
E,21,0.04976303317535545,0.07101269660628104,0.9690269541531745
R,14,0.03317535545023697,0.05641358208247376,0.9899244425179403
C,3,0.0071090047393364926,0.02297025677149244,0.99669333427063
S,21,0.04976303317535545,0.08320713679928025,0.9970115205845483
G,14,0.03317535545023697,0.06570259491632346,0.9988722381174091
