aa,count,observed,expected,p-value
P,56,0.13270142180094788,0.06310362487786969,1.5482376831929057e-07
D,29,0.06872037914691943,0.047394198701097866,0.030899903011871087
A,40,0.0947867298578199,0.0701782848581734,0.034053658659156306
G,34,0.08056872037914692,0.06570259491632346,0.12962656519132504
V,30,0.07109004739336493,0.05969329362753354,0.18599782237591383
L,47,0.11137440758293839,0.09959377183342817,0.23050303080951523
R,27,0.06398104265402843,0.05641358208247376,0.27780454222100914
N,16,0.037914691943127965,0.03588147149324288,0.4467078222525997
S,35,0.08293838862559241,0.08320713679928025,0.5333676950067481
K,22,0.052132701421800945,0.0572700728882684,0.7044716197999017
Y,8,0.018957345971563982,0.026648097884764452,0.8753278802803477
M,6,0.014218009478672985,0.02132218758950298,0.8867900112560133
W,3,0.0071090047393364926,0.01218605015107816,0.8883320995813746
Q,14,0.03317535545023697,0.047658794128419044,0.9412832357409163
H,6,0.014218009478672985,0.026268603041240058,0.9660525257481207
E,21,0.04976303317535545,0.07101269660628104,0.9690269541531745
I,9,0.02132701421800948,0.04340601435297719,0.9949091164032622
C,3,0.0071090047393364926,0.02297025677149244,0.99669333427063
T,11,0.026066350710900472,0.053571477460770595,0.9979727188127444
F,5,0.011848341232227487,0.03651443391901419,0.9994656239630352
