aa,count,observed,expected,p-value
L,235,0.14233797698364628,0.09959377183342817,2.3846961507642885e-08
P,162,0.09812235009085403,0.06310362487786969,3.180893231236503e-08
V,132,0.07995154451847365,0.05969329362753354,0.0005195610538341491
I,97,0.05875227135069655,0.04340601435297719,0.002039085142956007
A,132,0.07995154451847365,0.0701782848581734,0.06808205177611508
R,106,0.06420351302241066,0.05641358208247376,0.09543629175621185
K,100,0.06056935190793458,0.0572700728882684,0.2962257636219472
S,133,0.08055723803755299,0.08320713679928025,0.6643208561650518
N,53,0.03210175651120533,0.03588147149324288,0.8127387383266703
G,100,0.06056935190793458,0.06570259491632346,0.8129244119237713
H,32,0.019382192610539067,0.026268603041240058,0.9708107991039041
W,12,0.0072683222289521504,0.01218605015107816,0.980394657320256
D,61,0.036947304663840094,0.047394198701097866,0.9829671568913697
F,45,0.027256208358570563,0.03651443391901419,0.9841436915282952
Y,31,0.01877649909145972,0.026648097884764452,0.9844258063004078
T,69,0.041792852816474865,0.053571477460770595,0.9877384408572653
M,19,0.01150817686250757,0.02132218758950298,0.9990192431482864
Q,52,0.031496062992125984,0.047658794128419044,0.9995573192158945
E,69,0.041792852816474865,0.07101269660628104,0.9999997469096963
C,11,0.006662628709872804,0.02297025677149244,0.9999999395332787
