aa,count,observed,expected,p-value
F,104,0.04329725228975854,0.03651443391901419,0.04569930224188274
V,161,0.06702747710241465,0.05969329362753354,0.07209757450023284
R,152,0.06328059950041633,0.05641358208247376,0.08040142564491234
P,166,0.06910907577019151,0.06310362487786969,0.12211429836640005
D,119,0.04954204829308909,0.047394198701097866,0.3231359180074071
K,143,0.059533721898417984,0.0572700728882684,0.3285071602641266
G,161,0.06702747710241465,0.06570259491632346,0.40818517465307147
A,171,0.07119067443796837,0.0701782848581734,0.43429266675608597
S,202,0.08409658617818484,0.08320713679928025,0.4478888573354843
Y,63,0.026228143213988343,0.026648097884764452,0.5681898840938061
M,50,0.020815986677768527,0.02132218758950298,0.587446391291659
I,101,0.04204829308909242,0.04340601435297719,0.6418682689071341
N,81,0.033721898417985015,0.03588147149324288,0.7302261789531892
H,58,0.02414654454621149,0.026268603041240058,0.7593567407517916
T,119,0.04954204829308909,0.053571477460770595,0.8213481807625272
C,48,0.019983347210657785,0.02297025677149244,0.8527166652706731
L,224,0.093255620316403,0.09959377183342817,0.858344002645332
Q,103,0.04288093255620316,0.047658794128419044,0.8753732275771863
E,154,0.06411323896752706,0.07101269660628104,0.9141060089031774
W,22,0.009159034138218152,0.01218605015107816,0.9311725799169178
