aa,count,observed,expected,p-value
P,387,0.07780458383594692,0.06310362487786969,2.029798326355366e-05
R,335,0.06735022114997989,0.05641358208247376,0.0006214836659977225
V,317,0.06373140329714516,0.05969329362753354,0.1211829560129448
F,193,0.038801769199839166,0.03651443391901419,0.20436787722733094
D,235,0.04724567752312023,0.047394198701097866,0.5289572616907339
A,346,0.06956172094893445,0.0701782848581734,0.5754717890054295
T,260,0.05227181342983514,0.053571477460770595,0.6667513214134316
Y,128,0.025733815842380377,0.026648097884764452,0.66755866634797
I,210,0.04221954161640531,0.04340601435297719,0.668913529839884
N,173,0.034780860474467226,0.03588147149324288,0.6722232918169146
S,405,0.08142340168878166,0.08320713679928025,0.6828368594557714
L,485,0.0975070365902694,0.09959377183342817,0.6951399949852751
W,57,0.011459589867310011,0.01218605015107816,0.697211535847117
G,317,0.06373140329714516,0.06570259491632346,0.7204926418749047
E,343,0.06895858464012868,0.07101269660628104,0.7212268206321667
K,268,0.05388017691998392,0.0572700728882684,0.855585330923716
C,103,0.02070767993566546,0.02297025677149244,0.8679219199884806
M,94,0.01889827100924809,0.02132218758950298,0.8927924601723607
H,113,0.022718134298351428,0.026268603041240058,0.9488916626676239
Q,205,0.04121431443506232,0.047658794128419044,0.9863233115557778
