aa,count,observed,expected,p-value
P,202,0.08409658617818484,0.06310362487786969,3.010389064713301e-05
R,171,0.07119067443796837,0.05641358208247376,0.001376397075939976
E,184,0.07660283097418817,0.07101269660628104,0.1523140093846934
W,33,0.013738551207327226,0.01218605015107816,0.2676646708348196
L,248,0.10324729392173189,0.09959377183342817,0.28431728398983297
V,150,0.06244796003330558,0.05969329362753354,0.2960174141720017
T,130,0.05412156536219817,0.053571477460770595,0.46500576459748544
A,169,0.07035803497085762,0.0701782848581734,0.4976053903416362
N,86,0.035803497085761866,0.03588147149324288,0.5233144517706936
I,102,0.042464612822647796,0.04340601435297719,0.6034685524648962
C,53,0.022064945878434637,0.02297025677149244,0.6350705096686349
Y,60,0.02497918401332223,0.026648097884764452,0.7114586425962621
F,81,0.033721898417985015,0.03651443391901419,0.7816221688292312
D,106,0.04412989175686927,0.047394198701097866,0.7869364945403634
G,144,0.05995004163197336,0.06570259491632346,0.881832921851216
M,43,0.017901748542880933,0.02132218758950298,0.8933626706526205
S,183,0.0761865112406328,0.08320713679928025,0.9014439982927306
K,118,0.049125728559533725,0.0572700728882684,0.9633798469892769
H,48,0.019983347210657785,0.026268603041240058,0.9802074299216867
Q,91,0.03788509575353872,0.047658794128419044,0.9909852905076185
