aa,count,observed,expected,p-value
T,290,0.058303176517893046,0.053571477460770595,0.07482730931590002
R,301,0.06051467631684761,0.05641358208247376,0.11148289339512776
N,195,0.039203860072376355,0.03588147149324288,0.11192854291453035
P,335,0.06735022114997989,0.06310362487786969,0.11525840381097184
H,140,0.02814636107760354,0.026268603041240058,0.21499643732917514
D,248,0.049859268194611985,0.047394198701097866,0.2151295551979346
Q,247,0.04965822275834338,0.047658794128419044,0.2628160489181101
C,118,0.02372336147969441,0.02297025677149244,0.3741776538532556
Y,136,0.02734217933252915,0.026648097884764452,0.39248616531492586
M,109,0.02191395255327704,0.02132218758950298,0.39953169926003873
L,498,0.10012062726176116,0.09959377183342817,0.4575295566212134
K,284,0.057096903900281465,0.0572700728882684,0.5295414099943426
W,60,0.012062726176115802,0.01218605015107816,0.5490283265981326
F,178,0.03578608765581021,0.03651443391901419,0.6183202371813508
A,343,0.06895858464012868,0.0701782848581734,0.6396716791847117
I,211,0.0424205870526739,0.04340601435297719,0.6430877442467526
V,288,0.05790108564535585,0.05969329362753354,0.7113800340824986
G,314,0.06312826698833937,0.06570259491632346,0.7757577088039518
S,385,0.07740249296340973,0.08320713679928025,0.935414493577241
E,294,0.05910735826296743,0.07101269660628104,0.9996390159243936
