aa,count,observed,expected,p-value
A,394,0.0792119018898271,0.0701782848581734,0.00758722275916926
N,200,0.04020908725371934,0.03588147149324288,0.056423192999544916
R,303,0.0609167671893848,0.05641358208247376,0.0903113817518689
L,521,0.10474467229593888,0.09959377183342817,0.11762521750764691
P,328,0.06594290309609972,0.06310362487786969,0.21256508779743102
T,275,0.05528749497386409,0.053571477460770595,0.30399306693767464
W,63,0.012665862484921592,0.01218605015107816,0.39607401591270375
M,109,0.02191395255327704,0.02132218758950298,0.39953169926003873
H,133,0.02673904302372336,0.026268603041240058,0.42985936818252585
Q,238,0.04784881383192602,0.047658794128419044,0.48418389840189346
V,297,0.05971049457177322,0.05969329362753354,0.5063904280149
D,233,0.04684358665058303,0.047394198701097866,0.5817994807444666
E,341,0.06855649376759147,0.07101269660628104,0.7574245096307514
F,171,0.03437876960193004,0.03651443391901419,0.7988395061724596
S,397,0.07981503819863289,0.08320713679928025,0.8133810316061083
C,103,0.02070767993566546,0.02297025677149244,0.8679219199884806
I,196,0.039404905508644957,0.04340601435297719,0.9237946408777045
Y,116,0.02332127060715722,0.026648097884764452,0.9357119583580465
G,299,0.06011258544431041,0.06570259491632346,0.9488691806679403
K,257,0.05166867712102935,0.0572700728882684,0.9599123654621157
