aa,count,observed,expected,p-value
P,192,0.0843585237258348,0.06310362487786969,3.892921711488578e-05
R,161,0.07073813708260106,0.05641358208247376,0.0023579654239830037
E,175,0.07688927943760984,0.07101269660628104,0.14691221455848355
W,33,0.014499121265377855,0.01218605015107816,0.1796928540609194
L,237,0.10413005272407733,0.09959377183342817,0.244275325358519
V,140,0.061511423550087874,0.05969329362753354,0.36938760781747515
N,84,0.03690685413005272,0.03588147149324288,0.41164560702737096
A,161,0.07073813708260106,0.0701782848581734,0.4700129399796537
T,120,0.05272407732864675,0.053571477460770595,0.5842901189263427
C,49,0.021528998242530756,0.02297025677149244,0.6959413050327161
I,93,0.04086115992970123,0.04340601435297719,0.7383033156049653
Y,56,0.02460456942003515,0.026648097884764452,0.7450806029668837
D,101,0.04437609841827768,0.047394198701097866,0.7642292868987797
F,76,0.033391915641476276,0.03651443391901419,0.8010787436117686
G,139,0.06107205623901582,0.06570259491632346,0.8244667491743705
S,175,0.07688927943760984,0.08320713679928025,0.8712732288521474
M,39,0.017135325131810195,0.02132218758950298,0.9312250311971764
K,112,0.0492091388400703,0.0572700728882684,0.9579607954774657
H,46,0.020210896309314587,0.026268603041240058,0.9733060248571207
Q,87,0.038224956063268895,0.047658794128419044,0.9868683485548403
