aa,count,observed,expected,p-value
R,150,0.06590509666080843,0.05641358208247376,0.02977991674999973
V,157,0.06898066783831283,0.05969329362753354,0.03609965594925622
L,246,0.10808435852372583,0.09959377183342817,0.09489723794606632
P,158,0.06942003514938488,0.06310362487786969,0.11676927849635756
A,170,0.07469244288224956,0.0701782848581734,0.210036525484102
K,137,0.06019332161687171,0.0572700728882684,0.286282136936601
M,52,0.022847100175746926,0.02132218758950298,0.32641677020067333
S,193,0.08479789103690685,0.08320713679928025,0.40254888085119367
G,149,0.06546572934973638,0.06570259491632346,0.5301834457796646
N,81,0.035588752196836555,0.03588147149324288,0.5454712230968958
T,119,0.05228471001757469,0.053571477460770595,0.6204501812925364
Y,58,0.025483304042179262,0.026648097884764452,0.6527933950482424
Q,100,0.043936731107205626,0.047658794128419044,0.8104566533976528
H,53,0.02328646748681898,0.026268603041240058,0.8299052740422878
W,23,0.010105448154657293,0.01218605015107816,0.8417597261093908
D,98,0.04305799648506151,0.047394198701097866,0.8470772354939061
F,72,0.03163444639718805,0.03651443391901419,0.9049428118321553
I,86,0.037785588752196834,0.04340601435297719,0.9165587642750488
E,140,0.061511423550087874,0.07101269660628104,0.9666760272982655
C,34,0.014938488576449912,0.02297025677149244,0.9973356974738241
