aa,count,observed,expected,p-value
A,386,0.07760353839967833,0.0701782848581734,0.022807756285620595
T,293,0.05890631282669884,0.053571477460770595,0.05213723257201894
P,342,0.06875753920386007,0.06310362487786969,0.05503309253912036
R,293,0.05890631282669884,0.05641358208247376,0.2310171763037398
E,366,0.0735826296743064,0.07101269660628104,0.2475135171511325
D,245,0.049256131885806194,0.047394198701097866,0.27717175937367705
Y,138,0.027744270205066344,0.026648097884764452,0.32735880330820066
S,418,0.08403699236027343,0.08320713679928025,0.4234359779113007
H,128,0.025733815842380377,0.026268603041240058,0.6053397529005453
V,292,0.058705267390430235,0.05969329362753354,0.6240574856380501
K,280,0.05629272215520708,0.0572700728882684,0.6251716654653743
I,211,0.0424205870526739,0.04340601435297719,0.6430877442467526
G,319,0.06413349416968235,0.06570259491632346,0.6804043263826198
W,56,0.011258544431041415,0.01218605015107816,0.7418211057622919
L,481,0.09670285484519502,0.09959377183342817,0.7584557412015149
F,172,0.03457981503819863,0.03651443391901419,0.7765005964602294
Q,222,0.04463208685162847,0.047658794128419044,0.8499333328338863
M,91,0.0182951347004423,0.02132218758950298,0.9394051406932487
N,158,0.03176517893043828,0.03588147149324288,0.9472376353131258
C,83,0.016686771210293525,0.02297025677149244,0.9991675250452493
