aa,count,observed,expected,p-value
R,185,0.06564939673527324,0.05641358208247376,0.020340324087555102
P,202,0.0716820440028389,0.06310362487786969,0.03521131086661992
A,215,0.07629524485450674,0.0701782848581734,0.10950538655610426
G,201,0.07132718239886444,0.06570259491632346,0.12232301905709818
Y,84,0.029808374733853796,0.026648097884764452,0.16249294321643348
Q,142,0.050390347764371894,0.047658794128419044,0.2596728360605872
D,139,0.049325762952448546,0.047394198701097866,0.32671232452487065
N,105,0.03726046841731725,0.03588147149324288,0.36065206196243527
K,166,0.058907026259758695,0.0572700728882684,0.36540626444125346
H,73,0.025904897090134847,0.026268603041240058,0.5641581503475976
L,275,0.09758694109297374,0.09959377183342817,0.6480405590585414
M,57,0.020227111426543647,0.02132218758950298,0.6740827364161635
I,117,0.04151880766501065,0.04340601435297719,0.7011850759060019
W,30,0.0106458481192335,0.01218605015107816,0.7946950245000303
T,140,0.049680624556423,0.053571477460770595,0.8310463750951111
F,92,0.032647267565649396,0.03651443391901419,0.8749643495886396
E,183,0.06493967352732434,0.07101269660628104,0.903088373906974
V,152,0.0539389638041164,0.05969329362753354,0.9096693061573988
C,53,0.018807665010645847,0.02297025677149244,0.9416300850224822
S,207,0.07345635202271114,0.08320713679928025,0.9734975895600733
