aa,count,observed,expected,p-value
R,344,0.06915963007639726,0.05641358208247376,8.843143984754795e-05
P,341,0.06855649376759147,0.06310362487786969,0.06164965263250416
A,374,0.07519099316445517,0.0701782848581734,0.08853189579702915
G,345,0.06936067551266586,0.06570259491632346,0.15563180306584914
L,515,0.1035383996783273,0.09959377183342817,0.18233091314265343
Y,142,0.028548451950140732,0.026648097884764452,0.21373957075221778
M,111,0.022316043425814235,0.02132218758950298,0.326794201982166
V,297,0.05971049457177322,0.05969329362753354,0.5063904280149
N,178,0.03578608765581021,0.03588147149324288,0.5249323057271986
T,265,0.05327704061117813,0.053571477460770595,0.5455646269340619
Q,235,0.04724567752312023,0.047658794128419044,0.563664986820748
K,277,0.05568958584640129,0.0572700728882684,0.6927088960612937
H,123,0.024728588661037394,0.026268603041240058,0.7632484401112557
S,396,0.07961399276236429,0.08320713679928025,0.8270186607314287
F,169,0.03397667872939284,0.03651443391901419,0.8394081462734068
D,219,0.04402895054282268,0.047394198701097866,0.8757288210525849
W,52,0.010454362685967028,0.01218605015107816,0.8824397887979138
I,198,0.039806996381182146,0.04340601435297719,0.9010744208344399
E,310,0.06232408524326498,0.07101269660628104,0.9929335411652633
C,83,0.016686771210293525,0.02297025677149244,0.9991675250452493
