aa,count,observed,expected,p-value
R,91,0.09609292502639916,0.05641358208247376,8.138540692685428e-07
A,100,0.10559662090813093,0.0701782848581734,3.877746069250466e-05
F,57,0.06019007391763464,0.03651443391901419,0.00022147182963062374
N,43,0.0454065469904963,0.03588147149324288,0.07210962908708445
W,15,0.01583949313621964,0.01218605015107816,0.1868048923884382
L,100,0.10559662090813093,0.09959377183342817,0.28349953938480343
I,43,0.0454065469904963,0.04340601435297719,0.4030756664038731
P,61,0.06441393875395987,0.06310362487786969,0.45292282365717523
S,80,0.08447729672650475,0.08320713679928025,0.4605993580725988
K,55,0.05807814149947202,0.0572700728882684,0.4769807631894961
M,17,0.01795142555438226,0.02132218758950298,0.7938940721264178
V,48,0.050686378035902854,0.05969329362753354,0.8945010464281566
T,42,0.044350580781414996,0.053571477460770595,0.9117173716153814
D,36,0.03801478352692714,0.047394198701097866,0.9282660285279538
G,51,0.05385427666314678,0.06570259491632346,0.9413613120903992
H,16,0.01689545934530095,0.026268603041240058,0.9777913575515772
Y,15,0.01583949313621964,0.026648097884764452,0.9897152234784952
Q,30,0.03167898627243928,0.047658794128419044,0.994036100289716
C,8,0.008447729672650475,0.02297025677149244,0.9997921253051558
E,39,0.04118268215417107,0.07101269660628104,0.9999547171966358
