aa,count,observed,expected,p-value
L,877,0.3675607711651299,0.09959377183342817,3.0665078872216525e-268
I,292,0.12238055322715842,0.04340601435297719,3.014889392607217e-55
K,291,0.12196144174350378,0.0572700728882684,6.18473739288132e-33
R,243,0.10184409052808047,0.05641358208247376,2.160418948079352e-18
Y,122,0.05113160100586756,0.026648097884764452,2.4519112311975987e-11
F,88,0.036881810561609385,0.03651443391901419,0.476896285810491
V,122,0.05113160100586756,0.05969329362753354,0.9670893174856274
M,21,0.008801341156747695,0.02132218758950298,0.9999994137753054
H,29,0.012154233025984913,0.026268603041240058,0.9999994397200591
W,4,0.0016764459346186086,0.01218605015107816,0.999999999071467
G,28,0.01173512154233026,0.06570259491632346,0.9999999999999999
Q,26,0.010896898575020955,0.047658794128419044,0.9999999999999999
C,3,0.0012573344509639564,0.02297025677149244,0.9999999999999999
D,12,0.005029337803855826,0.047394198701097866,0.9999999999999999
N,17,0.007124895222129086,0.03588147149324288,0.9999999999999999
P,64,0.026823134953897737,0.06310362487786969,0.9999999999999999
S,34,0.014249790444258172,0.08320713679928025,0.9999999999999999
T,28,0.01173512154233026,0.053571477460770595,0.9999999999999999
E,25,0.010477787091366304,0.07101269660628104,0.9999999999999999
A,60,0.025146689019279127,0.0701782848581734,0.9999999999999999
