aa,count,observed,expected,p-value
P,681,0.09513830678960604,0.06310362487786969,1.2228141354320904e-25
K,621,0.086756077116513,0.0572700728882684,7.350136427576988e-24
V,621,0.086756077116513,0.05969329362753354,5.907937944346114e-20
I,461,0.06440346465493155,0.04340601435297719,2.002319508378418e-16
F,353,0.04931545124336407,0.03651443391901419,2.2454513417352448e-08
H,223,0.031153953618329143,0.026268603041240058,0.006417807544977186
N,282,0.039396479463537304,0.03588147149324288,0.060142136176295435
R,423,0.05909471919530595,0.05641358208247376,0.168965156597892
Y,198,0.027661357921207042,0.026648097884764452,0.30702231856784773
G,480,0.06705783738474434,0.06570259491632346,0.32834259120240067
Q,329,0.04596255937412685,0.047658794128419044,0.7571337956784913
T,339,0.04735959765297569,0.053571477460770595,0.9917602068326606
W,62,0.00866163732886281,0.01218605015107816,0.9981787318103968
A,415,0.05797708857222688,0.0701782848581734,0.9999851585637985
D,242,0.03380832634814194,0.047394198701097866,0.9999999944408517
L,566,0.07907236658284438,0.09959377183342817,0.9999999990633373
M,80,0.011176306230790724,0.02132218758950298,0.999999999974197
E,354,0.04945515507124895,0.07101269660628104,0.9999999999999689
S,425,0.059374126851075716,0.08320713679928025,0.9999999999999921
C,3,0.00041911148365465214,0.02297025677149244,0.9999999999999999
