aa,count,observed,expected,p-value
I,726,0.10142497904442582,0.04340601435297719,3.934861908506343e-95
V,708,0.0989103101424979,0.05969329362753354,4.269929986266476e-38
F,402,0.056160938809723386,0.03651443391901419,1.0762296058749381e-16
T,462,0.06454316848281642,0.053571477460770595,3.40448506450877e-05
R,461,0.06440346465493155,0.05641358208247376,0.0021769608810275464
P,510,0.07124895222129086,0.06310362487786969,0.002856966998132484
L,783,0.10938809723386421,0.09959377183342817,0.003319553011115558
Q,379,0.052947750768371056,0.047658794128419044,0.020354673829840218
A,499,0.06971221011455714,0.0701782848581734,0.5679153645482347
G,462,0.06454316848281642,0.06570259491632346,0.6605865179410378
M,128,0.017882089969265158,0.02132218758950298,0.9822056330504679
Y,148,0.020676166526962837,0.026648097884764452,0.9995011341234034
N,205,0.02863928471640123,0.03588147149324288,0.9997038873149204
H,133,0.01858060910868958,0.026268603041240058,0.9999921045229875
W,45,0.006286672254819782,0.01218605015107816,0.9999997916696749
K,313,0.04372729812796871,0.0572700728882684,0.9999998728895513
S,446,0.062307907236658286,0.08320713679928025,0.9999999999890877
E,217,0.030315730651019838,0.07101269660628104,0.9999999999999999
C,4,0.0005588153115395362,0.02297025677149244,0.9999999999999999
D,127,0.017742386141380274,0.047394198701097866,0.9999999999999999
