aa,count,observed,expected,p-value
L,284,0.1437246963562753,0.09959377183342817,3.5730813397233086e-10
V,182,0.09210526315789473,0.05969329362753354,9.047197681033508e-09
A,197,0.09969635627530364,0.0701782848581734,7.013506053691447e-07
S,219,0.11082995951417005,0.08320713679928025,1.2085428251131695e-05
I,110,0.05566801619433198,0.04340601435297719,0.005667706749230441
K,129,0.0652834008097166,0.0572700728882684,0.07094867956899874
T,120,0.06072874493927125,0.053571477460770595,0.08829403466285927
Q,107,0.0541497975708502,0.047658794128419044,0.0982537061794886
R,96,0.048582995951417005,0.05641358208247376,0.9429336441033441
Y,39,0.019736842105263157,0.026648097884764452,0.9799036428308899
P,101,0.051113360323886636,0.06310362487786969,0.9892195352788158
N,52,0.02631578947368421,0.03588147149324288,0.9927356993764148
E,111,0.056174089068825914,0.07101269660628104,0.9964596857060137
H,34,0.01720647773279352,0.026268603041240058,0.9969449720144348
F,50,0.025303643724696356,0.03651443391901419,0.9978538929905999
G,95,0.04807692307692308,0.06570259491632346,0.99959232422731
W,7,0.00354251012145749,0.01218605015107816,0.9999886348863033
M,13,0.006578947368421052,0.02132218758950298,0.9999999641241197
D,29,0.014676113360323886,0.047394198701097866,0.9999999999999994
C,1,0.0005060728744939271,0.02297025677149244,1.0
