aa,count,observed,expected,p-value
L,1121,0.156607991058955,0.09959377183342817,4.3836414470126326e-51
I,593,0.08284436993573624,0.04340601435297719,1.2889558489100051e-48
V,650,0.09080748812517463,0.05969329362753354,2.130848828468406e-25
T,525,0.07334450963956413,0.053571477460770595,9.747833111771358e-13
F,332,0.046381670857781505,0.03651443391901419,1.0350944773788688e-05
Y,224,0.03129365744621403,0.026648097884764452,0.00932412913099939
N,276,0.038558256496227995,0.03588147149324288,0.1185769996458404
H,204,0.028499580888516344,0.026268603041240058,0.12714204434291318
Q,361,0.05043308186644314,0.047658794128419044,0.1416672950170576
W,79,0.01103660240290584,0.01218605015107816,0.8260192043121899
M,136,0.01899972059234423,0.02132218758950298,0.9214234176628251
A,461,0.06440346465493155,0.0701782848581734,0.9746965282654779
E,440,0.06146968426934898,0.07101269660628104,0.9993806245087481
P,382,0.05336686225202571,0.06310362487786969,0.9997614907272808
S,491,0.06859457949147807,0.08320713679928025,0.9999980974700404
R,307,0.0428890751606594,0.05641358208247376,0.999999893496379
K,272,0.03799944118468846,0.0572700728882684,0.9999999999999606
C,5,0.0006985191394244202,0.02297025677149244,0.9999999999999999
G,143,0.01997764738753842,0.06570259491632346,0.9999999999999999
D,156,0.02179379715004191,0.047394198701097866,0.9999999999999999
