aa,count,observed,expected,p-value
R,272,0.15402038505096263,0.05641358208247376,6.233106297930857e-50
P,253,0.1432616081540204,0.06310362487786969,2.1750857010285058e-33
A,150,0.08493771234428087,0.0701782848581734,0.01004527369436093
H,54,0.030577576443941108,0.026268603041240058,0.14547368525851617
E,135,0.07644394110985278,0.07101269660628104,0.19870209546138257
S,135,0.07644394110985278,0.08320713679928025,0.8586347863145871
T,82,0.0464326160815402,0.053571477460770595,0.919405225568464
K,86,0.04869762174405436,0.0572700728882684,0.9481889865319489
N,49,0.027746319365798414,0.03588147149324288,0.9750609104625103
I,57,0.03227633069082673,0.04340601435297719,0.9927814165180869
L,144,0.08154020385050963,0.09959377183342817,0.9958381967953316
G,86,0.04869762174405436,0.06570259491632346,0.9988666289327554
V,75,0.04246885617214043,0.05969329362753354,0.9994292897527971
Q,56,0.031710079275198186,0.047658794128419044,0.9996469178804502
D,53,0.03001132502831257,0.047394198701097866,0.9999016325874803
M,16,0.009060022650056626,0.02132218758950298,0.9999795242923949
Y,21,0.01189127972819932,0.026648097884764452,0.999994186064685
W,5,0.0028312570781426952,0.01218605015107816,0.9999955254708492
F,28,0.015855039637599093,0.03651443391901419,0.9999999275671008
C,9,0.005096262740656852,0.02297025677149244,0.9999999996008151
