aa,count,observed,expected,p-value
L,2717,0.37957530036322995,0.09959377183342817,0.0
Y,829,0.11581447331656887,0.026648097884764452,2.3700829398154034e-267
F,912,0.12740989103101424,0.03651443391901419,1.2569460652829027e-228
K,1054,0.1472478345906678,0.0572700728882684,9.156676646668269e-169
M,235,0.03283039955294775,0.02132218758950298,2.367207750898719e-10
I,333,0.04652137468566639,0.04340601435297719,0.1039245669852332
V,403,0.05630064263760827,0.05969329362753354,0.8926151013616539
H,159,0.022212908633696564,0.026268603041240058,0.9871261936208182
R,328,0.045822855546241964,0.05641358208247376,0.9999718152535597
G,5,0.0006985191394244202,0.06570259491632346,0.9999999999999999
Q,6,0.0008382229673093043,0.047658794128419044,0.9999999999999999
C,2,0.0002794076557697681,0.02297025677149244,0.9999999999999999
D,2,0.0002794076557697681,0.047394198701097866,0.9999999999999999
N,5,0.0006985191394244202,0.03588147149324288,0.9999999999999999
P,17,0.002374965074043029,0.06310362487786969,0.9999999999999999
S,4,0.0005588153115395362,0.08320713679928025,0.9999999999999999
T,21,0.002933780385582565,0.053571477460770595,0.9999999999999999
W,19,0.002654372729812797,0.01218605015107816,0.9999999999999999
E,5,0.0006985191394244202,0.07101269660628104,0.9999999999999999
A,102,0.014249790444258172,0.0701782848581734,0.9999999999999999
