aa,count,observed,expected,p-value
L,278,0.1780909673286355,0.09959377183342817,2.4198280034156033e-21
I,115,0.07367072389493914,0.04340601435297719,5.14577183744536e-08
V,136,0.08712363869314542,0.05969329362753354,1.0008919657381458e-05
P,118,0.07559256886611147,0.06310362487786969,0.026368409221515777
A,123,0.07879564381806534,0.0701782848581734,0.10116994328554003
F,60,0.03843689942344651,0.03651443391901419,0.36096537661366723
Q,74,0.04740550928891736,0.047658794128419044,0.5352979851886491
T,82,0.05253042921204356,0.053571477460770595,0.5882330986400364
R,84,0.053811659192825115,0.05641358208247376,0.6872834511537683
Y,35,0.02242152466367713,0.026648097884764452,0.8692900942811709
N,48,0.03074951953875721,0.03588147149324288,0.8783283880717759
S,116,0.07431133888532991,0.08320713679928025,0.9080035991335903
H,32,0.020499679692504803,0.026268603041240058,0.9383311548042126
M,16,0.010249839846252402,0.02132218758950298,0.9997137485127714
W,6,0.003843689942344651,0.01218605015107816,0.9998585031683414
E,75,0.048046124279308135,0.07101269660628104,0.9999212288863726
K,57,0.03651505445227418,0.0572700728882684,0.9999314692087206
G,63,0.04035874439461883,0.06570259491632346,0.9999939891102066
D,38,0.024343369634849454,0.047394198701097866,0.9999990524096767
C,5,0.0032030749519538757,0.02297025677149244,0.9999999999851575
