aa,count,observed,expected,p-value
L,192,0.16594641313742436,0.09959377183342817,2.249127074222134e-12
I,93,0.08038029386343994,0.04340601435297719,1.8645313857882486e-08
V,103,0.08902333621434745,0.05969329362753354,4.743364611008083e-05
P,90,0.07778738115816768,0.06310362487786969,0.025790606421337476
T,74,0.06395851339671564,0.053571477460770595,0.0691916589024122
A,94,0.08124459809853068,0.0701782848581734,0.08061028376664087
F,50,0.043215211754537596,0.03651443391901419,0.1289967745233332
G,84,0.07260155574762317,0.06570259491632346,0.18627600258981017
K,71,0.06136560069144339,0.0572700728882684,0.29131948978333577
Q,44,0.03802938634399308,0.047658794128419044,0.9498915968896028
R,53,0.045808124459809856,0.05641358208247376,0.9517594453928672
M,16,0.013828867761452032,0.02132218758950298,0.9753727388777321
S,77,0.0665514261019879,0.08320713679928025,0.9846515344868224
N,26,0.02247191011235955,0.03588147149324288,0.9964711560168088
W,5,0.00432152117545376,0.01218605015107816,0.9983975347223948
H,15,0.01296456352636128,0.026268603041240058,0.9993472015121946
Y,12,0.010371650821089023,0.026648097884764452,0.9999689795796706
E,37,0.03197925669835782,0.07101269660628104,0.9999999969244773
D,18,0.015557476231633534,0.047394198701097866,0.9999999988172966
C,3,0.0025929127052722557,0.02297025677149244,0.9999999991624405
