aa,count,observed,expected,p-value
P,319,0.18063420158550397,0.06310362487786969,1.210540338829309e-63
R,265,0.15005662514156284,0.05641358208247376,1.3952881467720323e-46
K,215,0.1217440543601359,0.0572700728882684,1.0275975330695135e-24
V,139,0.07870894677236694,0.05969329362753354,0.0007053323371574449
I,81,0.045866364665911666,0.04340601435297719,0.3216302492566456
H,45,0.02548131370328426,0.026268603041240058,0.602344781947832
G,103,0.058323895809739526,0.06570259491632346,0.904906913556898
A,106,0.06002265005662514,0.0701782848581734,0.9595591195777893
L,147,0.08323895809739525,0.09959377183342817,0.9914898225156674
W,9,0.005096262740656852,0.01218605015107816,0.9992520256557045
N,38,0.021517553793884484,0.03588147149324288,0.999809707009146
Y,23,0.013023782559456399,0.026648097884764452,0.9999691928510558
M,12,0.006795016987542469,0.02132218758950298,0.9999997286916096
Q,42,0.02378255945639864,0.047658794128419044,0.9999999221080642
D,38,0.021517553793884484,0.047394198701097866,0.9999999958743044
F,23,0.013023782559456399,0.03651443391901419,0.9999999995019366
C,8,0.004530011325028313,0.02297025677149244,0.9999999999249474
T,37,0.020951302378255945,0.053571477460770595,0.9999999999982875
S,69,0.039071347678369193,0.08320713679928025,0.9999999999999611
E,47,0.026613816534541337,0.07101269660628104,0.9999999999999999
