aa,count,observed,expected,p-value
P,798,0.11148365465213747,0.06310362487786969,5.288870085106254e-53
D,578,0.08074881251746298,0.047394198701097866,4.956306918564355e-34
E,688,0.09611623358480022,0.07101269660628104,1.9009867685193096e-15
G,618,0.08633696563285834,0.06570259491632346,8.656927253193372e-12
K,523,0.07306510198379436,0.0572700728882684,1.776568479060804e-08
N,295,0.04121262922604079,0.03588147149324288,0.009393012893365811
Q,383,0.05350656607991059,0.047658794128419044,0.011885181805969685
S,589,0.0822855546241967,0.08320713679928025,0.6172588436801243
F,235,0.03283039955294775,0.03651443391901419,0.9565993612020318
A,450,0.06286672254819782,0.0701782848581734,0.9934213622264603
I,246,0.03436714165968147,0.04340601435297719,0.9999541712237283
T,310,0.04330818664431405,0.053571477460770595,0.9999687230094971
W,51,0.007124895222129086,0.01218605015107816,0.9999904674482311
H,124,0.01732327465772562,0.026268603041240058,0.9999998005821154
Y,125,0.017462978485610507,0.026648097884764452,0.9999998847767084
V,308,0.043028778988544285,0.05969329362753354,0.9999999998155806
L,540,0.07544006705783739,0.09959377183342817,0.9999999999994409
M,60,0.008382229673093043,0.02132218758950298,0.9999999999999999
C,4,0.0005588153115395362,0.02297025677149244,0.9999999999999999
R,233,0.032550991897177986,0.05641358208247376,0.9999999999999999
