aa,count,observed,expected,p-value
R,1455,0.2032690695725063,0.05641358208247376,0.0
K,1004,0.1402626431964236,0.0572700728882684,1.1392765885283116e-146
A,694,0.09695445655210953,0.0701782848581734,2.184704397367334e-17
H,253,0.035345068454875665,0.026268603041240058,2.7756808974805235e-06
G,549,0.07669740150880135,0.06570259491632346,0.00013243399481758497
S,682,0.09527801061749092,0.08320713679928025,0.00015533833839503618
Y,241,0.033668622520257055,0.026648097884764452,0.0002134501581645499
I,329,0.04596255937412685,0.04340601435297719,0.15103022605625974
T,339,0.04735959765297569,0.053571477460770595,0.9917602068326606
F,204,0.028499580888516344,0.03651443391901419,0.9999215304820706
V,329,0.04596255937412685,0.05969329362753354,0.99999984601907
N,168,0.02347024308466052,0.03588147149324288,0.9999999992370658
M,82,0.011455713886560491,0.02132218758950298,0.9999999999027849
Q,232,0.032411288069293095,0.047658794128419044,0.999999999938247
C,7,0.0009779267951941883,0.02297025677149244,0.9999999999999999
L,330,0.04610226320201174,0.09959377183342817,0.9999999999999999
D,67,0.009360156468287232,0.047394198701097866,0.9999999999999999
P,44,0.006146968426934898,0.06310362487786969,0.9999999999999999
W,23,0.003213188041352333,0.01218605015107816,0.9999999999999999
E,126,0.01760268231349539,0.07101269660628104,0.9999999999999999
