aa,count,observed,expected,p-value
P,74,0.10541310541310542,0.06310362487786969,1.4259395626626301e-05
D,49,0.0698005698005698,0.047394198701097866,0.005167545871661919
G,61,0.0868945868945869,0.06570259491632346,0.017120835537389634
I,41,0.0584045584045584,0.04340601435297719,0.03604543035685694
L,80,0.11396011396011396,0.09959377183342817,0.11482259916424303
A,57,0.0811965811965812,0.0701782848581734,0.14302892987085006
V,45,0.0641025641025641,0.05969329362753354,0.3326048320368101
K,41,0.0584045584045584,0.0572700728882684,0.4712602462607707
S,54,0.07692307692307693,0.08320713679928025,0.7455859777601714
R,34,0.04843304843304843,0.05641358208247376,0.8411157012215956
F,21,0.029914529914529916,0.03651443391901419,0.8500632359460514
Q,27,0.038461538461538464,0.047658794128419044,0.8941739238552447
T,30,0.042735042735042736,0.053571477460770595,0.9167574286187421
N,19,0.027065527065527065,0.03588147149324288,0.9176493110663397
C,10,0.014245014245014245,0.02297025677149244,0.960943339450762
M,9,0.01282051282051282,0.02132218758950298,0.9633924954160694
Y,10,0.014245014245014245,0.026648097884764452,0.9903060975098485
E,34,0.04843304843304843,0.07101269660628104,0.9941690483333082
W,2,0.002849002849002849,0.01218605015107816,0.9982341972057429
H,4,0.005698005698005698,0.026268603041240058,0.9999898397020411
