aa,count,observed,expected,p-value
F,604,0.08438111204246997,0.03651443391901419,6.001038747150084e-77
Y,464,0.06482257613858619,0.026648097884764452,4.802948879188387e-65
R,727,0.1015646828723107,0.05641358208247376,6.606509561519606e-51
K,558,0.07795473595976529,0.0572700728882684,4.523711221274389e-13
D,452,0.06314613020396759,0.047394198701097866,1.232668339700703e-09
N,356,0.04973456272701872,0.03588147149324288,1.389012930480689e-09
H,251,0.0350656607991059,0.026268603041240058,5.20623521997614e-06
A,593,0.08284436993573624,0.0701782848581734,2.3407781418882103e-05
I,380,0.05308745459625594,0.04340601435297719,5.4340579360604276e-05
W,114,0.01592623637887678,0.01218605015107816,0.0032454752021581143
M,174,0.024308466051969825,0.02132218758950298,0.046013471155577475
S,505,0.07055043308186644,0.08320713679928025,0.9999668430304959
L,583,0.0814473316568874,0.09959377183342817,0.9999999398244535
V,307,0.0428890751606594,0.05969329362753354,0.9999999998708508
T,265,0.037021514389494276,0.053571477460770595,0.9999999999779441
Q,214,0.029896619167365187,0.047658794128419044,0.9999999999999822
E,208,0.029058396200055882,0.07101269660628104,0.9999999999999999
C,11,0.0015367421067337245,0.02297025677149244,0.9999999999999999
P,120,0.016764459346186086,0.06310362487786969,0.9999999999999999
G,272,0.03799944118468846,0.06570259491632346,0.9999999999999999
