aa,count,observed,expected,p-value
T,619,0.08647666946074323,0.053571477460770595,2.396890321036758e-30
S,809,0.1130203967588712,0.08320713679928025,1.8683320506190057e-18
K,580,0.08102822017323275,0.0572700728882684,1.7627320279006104e-16
A,663,0.09262363788767812,0.0701782848581734,6.458376844854602e-13
Q,471,0.06580050293378038,0.047658794128419044,4.844197336362002e-12
V,541,0.07557977088572226,0.05969329362753354,2.5965346637433892e-08
E,589,0.0822855546241967,0.07101269660628104,0.0001515768872513142
H,212,0.029617211511595416,0.026268603041240058,0.04340089541578265
N,283,0.03953618329142219,0.03588147149324288,0.05312928667950653
Y,212,0.029617211511595416,0.026648097884764452,0.06568482188649843
G,455,0.06356524168762225,0.06570259491632346,0.7735947227017024
R,379,0.052947750768371056,0.05641358208247376,0.9035343214519236
L,623,0.08703548477228276,0.09959377183342817,0.9998601421199156
M,106,0.014808605755797708,0.02132218758950298,0.9999761331221892
F,166,0.023190835428890753,0.03651443391901419,0.9999999999461164
D,108,0.015088013411567477,0.047394198701097866,0.9999999999999999
P,156,0.02179379715004191,0.06310362487786969,0.9999999999999999
W,14,0.0019558535903883767,0.01218605015107816,0.9999999999999999
I,171,0.02388935456831517,0.04340601435297719,0.9999999999999999
C,1,0.00013970382788488405,0.02297025677149244,1.0
