aa,count,observed,expected,p-value
P,99,0.11647058823529412,0.06310362487786969,5.120369474136453e-09
L,115,0.13529411764705881,0.09959377183342817,0.0005245319187920502
K,63,0.07411764705882352,0.0572700728882684,0.023869972230516918
I,47,0.05529411764705883,0.04340601435297719,0.05696091230756824
V,62,0.07294117647058823,0.05969329362753354,0.06288861259029735
G,65,0.07647058823529412,0.06570259491632346,0.11694769133888047
F,31,0.036470588235294116,0.03651443391901419,0.5279308803942093
A,58,0.06823529411764706,0.0701782848581734,0.6068458524848908
R,45,0.052941176470588235,0.05641358208247376,0.6903145797110655
Y,19,0.02235294117647059,0.026648097884764452,0.8098973135675928
H,18,0.021176470588235293,0.026268603041240058,0.850833996990745
N,24,0.02823529411764706,0.03588147149324288,0.9055015581040909
M,13,0.015294117647058824,0.02132218758950298,0.9151061120499047
S,60,0.07058823529411765,0.08320713679928025,0.921066441655028
W,5,0.0058823529411764705,0.01218605015107816,0.9774264332764749
T,33,0.03882352941176471,0.053571477460770595,0.9804850350828105
Q,28,0.03294117647058824,0.047658794128419044,0.9858356789048245
E,41,0.04823529411764706,0.07101269660628104,0.9973579827040109
C,6,0.007058823529411765,0.02297025677149244,0.9999092039779068
D,18,0.021176470588235293,0.047394198701097866,0.9999791496542642
