aa,count,observed,expected,p-value
R,1617,0.2259010896898575,0.05641358208247376,0.0
P,1442,0.2014529198100028,0.06310362487786969,0.0
E,1050,0.14668901927912825,0.07101269660628104,9.225371068656263e-108
H,331,0.04624196702989662,0.026268603041240058,7.189485644027797e-22
Y,306,0.04274937133277452,0.026648097884764452,3.98838967920402e-15
V,442,0.06174909192511875,0.05969329362753354,0.23797172423557175
T,341,0.04763900530874546,0.053571477460770595,0.9889619357766767
L,586,0.08186644314054205,0.09959377183342817,0.9999998812809092
I,222,0.03101424979044426,0.04340601435297719,0.9999999726371789
M,65,0.009080748812517463,0.02132218758950298,0.9999999999999998
Q,110,0.015367421067337244,0.047658794128419044,0.9999999999999999
C,2,0.0002794076557697681,0.02297025677149244,0.9999999999999999
K,12,0.0016764459346186086,0.0572700728882684,0.9999999999999999
F,94,0.0131321598211791,0.03651443391901419,0.9999999999999999
D,81,0.011316010058675607,0.047394198701097866,0.9999999999999999
S,201,0.028080469404861693,0.08320713679928025,0.9999999999999999
N,11,0.0015367421067337245,0.03588147149324288,0.9999999999999999
W,9,0.0012573344509639564,0.01218605015107816,0.9999999999999999
G,47,0.00656607991058955,0.06570259491632346,0.9999999999999999
A,189,0.026404023470243086,0.0701782848581734,0.9999999999999999
